sweep,filename,rpot_ohm,dt_s,n_samples,u_r_total_ohm,uncertainty_status,CH1_quantum_V,CH1_quantum_grid_consistency,CH1_u_quantization_V,CH1_dc_reading_limit_V,CH2_quantum_V,CH2_quantum_grid_consistency,CH2_u_quantization_V,CH2_dc_reading_limit_V,CH3_quantum_V,CH3_quantum_grid_consistency,CH3_u_quantization_V,CH3_dc_reading_limit_V,u_r_block_5ms_ohm,u_r_block_10ms_ohm,u_r_block_ohm,block_ci95_low_ohm,block_ci95_high_ohm,block_duration_selected_s
back,trace1.csv,2.7,1.000000000001e-06,500000,,partial: calibration/probe/R0 terms unresolved,0.08040200000000003,1.0,0.023210058171692156,,0.08040199999999997,1.0,0.02321005817169214,,0.08040200000000003,1.0,0.023210058171692156,,0.05042528501856224,0.05022994499531389,0.05042528501856224,2.5967061105433435,2.794481037631855,0.005
back,trace2.csv,36.61,1.000000000001e-06,500000,,partial: calibration/probe/R0 terms unresolved,0.08040200000000003,1.0,0.023210058171692156,,0.08040199999999997,1.0,0.02321005817169214,,0.08040200000000003,1.0,0.023210058171692156,,0.042224821369876854,0.04435151193773063,0.04435151193773063,36.538026627449426,36.70287072208052,0.01
back,trace3.csv,66.62,1.000000000001e-06,500000,,partial: calibration/probe/R0 terms unresolved,0.08040200000000003,1.0,0.023210058171692156,,0.08040199999999997,1.0,0.02321005817169214,,0.08040200000000003,1.0,0.023210058171692156,,0.04143494063407725,0.04322622188016393,0.04322622188016393,66.5281966665857,66.69726132765014,0.01
back,trace4.csv,101.13,1.000000000001e-06,500000,,partial: calibration/probe/R0 terms unresolved,0.08040200000000003,1.0,0.023210058171692156,,0.08040199999999997,1.0,0.02321005817169214,,0.08040200000000003,1.0,0.023210058171692156,,0.047192292024729826,0.044213966916597666,0.047192292024729826,101.03549436425803,101.22272139499766,0.005
back,trace5.csv,133.37,1.000000000001e-06,500000,,partial: calibration/probe/R0 terms unresolved,0.08040200000000003,1.0,0.023210058171692156,,0.08040199999999997,1.0,0.02321005817169214,,0.08040200000000003,1.0,0.023210058171692156,,0.046400848151956005,0.046964327466799544,0.046964327466799544,133.28552091046072,133.46446948277006,0.01
back,trace6.csv,170.61,1.000000000001e-06,500000,,partial: calibration/probe/R0 terms unresolved,0.08040200000000003,1.0,0.023210058171692156,,0.08040199999999997,1.0,0.02321005817169214,,0.08040200000000002,1.0,0.023210058171692152,,0.05147906380010125,0.049210029566143086,0.05147906380010125,170.51126489900966,170.71489424067133,0.005
back,trace7.csv,200.96,1.000000000001e-06,500000,,partial: calibration/probe/R0 terms unresolved,0.08040200000000003,1.0,0.023210058171692156,,0.08040199999999997,1.0,0.02321005817169214,,0.080402,1.0,0.02321005817169215,,0.05319851353961867,0.057451845634317614,0.057451845634317614,200.85063215055976,201.08371664120023,0.01
back,trace8.csv,229.25,1.000000000001e-06,500000,,partial: calibration/probe/R0 terms unresolved,0.08040200000000003,1.0,0.023210058171692156,,0.08040199999999997,1.0,0.02321005817169214,,0.080402,1.0,0.02321005817169215,,0.0524725145378431,0.05146063451229034,0.0524725145378431,229.1375092174764,229.33699123367757,0.005
back,trace9.csv,250.51,1.000000000001e-06,500000,,partial: calibration/probe/R0 terms unresolved,0.08040200000000003,1.0,0.023210058171692156,,0.08040199999999997,1.0,0.02321005817169214,,0.08040200000000002,1.0,0.023210058171692152,,0.04926566070438905,0.04747300346762313,0.04926566070438905,250.40534824105725,250.5992544009189,0.005
back,trace10.csv,277.79,1.000000000001e-06,500000,,partial: calibration/probe/R0 terms unresolved,0.08040200000000003,1.0,0.023210058171692156,,0.08040199999999997,1.0,0.02321005817169214,,0.080402,1.0,0.02321005817169215,,0.04560017311771885,0.040931730598658365,0.04560017311771885,277.70549198702884,277.8820169495044,0.005
back,trace11.csv,319.46,1.000000000001e-06,500000,,partial: calibration/probe/R0 terms unresolved,0.08040200000000003,1.0,0.023210058171692156,,0.08040199999999997,1.0,0.02321005817169214,,0.080402,1.0,0.02321005817169215,,0.05063416780697567,0.04289058894797909,0.05063416780697567,319.3574359659767,319.5503754027092,0.005
back,trace12.csv,356.14,1.000000000001e-06,500000,,partial: calibration/probe/R0 terms unresolved,0.08040200000000003,1.0,0.023210058171692156,,0.08040199999999997,1.0,0.02321005817169214,,0.080402,1.0,0.02321005817169215,,0.04740965134201849,0.04202114639596621,0.04740965134201849,356.05430739705173,356.23548636170887,0.005
back,trace13.csv,395.55,1.000000000001e-06,500000,,partial: calibration/probe/R0 terms unresolved,0.08040200000000003,1.0,0.023210058171692156,,0.08040199999999997,1.0,0.02321005817169214,,0.080402,1.0,0.02321005817169215,,0.054272371359481084,0.05478994865466673,0.05478994865466673,395.4259101633708,395.65354540633285,0.01
back,trace14.csv,433.91,1.000000000001e-06,500000,,partial: calibration/probe/R0 terms unresolved,0.08040200000000003,1.0,0.023210058171692156,,0.08040199999999997,1.0,0.02321005817169214,,0.080402,1.0,0.02321005817169215,,0.0523897406947271,0.04891991986259766,0.0523897406947271,433.8150649919485,434.02011377139337,0.005
back,trace15.csv,453.15,1.000000000001e-06,500000,,partial: calibration/probe/R0 terms unresolved,0.08040200000000003,1.0,0.023210058171692156,,0.08040199999999997,1.0,0.02321005817169214,,0.080402,1.0,0.02321005817169215,,0.05649585041872628,0.05652891235782657,0.05652891235782657,453.0361561968028,453.25740899881043,0.01
back,trace16.csv,469.73,1.000000000001e-06,500000,,partial: calibration/probe/R0 terms unresolved,0.080402,1.0,0.02321005817169215,,0.08040199999999997,1.0,0.02321005817169214,,0.080402,1.0,0.02321005817169215,,0.06100776842921482,0.06470716961573002,0.06470716961573002,469.6018868242775,469.858254843998,0.01
back,trace17.csv,485.59,1.000000000001e-06,500000,,partial: calibration/probe/R0 terms unresolved,0.080402,1.0,0.02321005817169215,,0.08040199999999997,1.0,0.02321005817169214,,0.080402,1.0,0.02321005817169215,,0.05039735957724935,0.05100304748259321,0.05100304748259321,485.491961388192,485.6945012555563,0.01
back,trace18.csv,500.52,1.000000000001e-06,500000,,partial: calibration/probe/R0 terms unresolved,0.080402,1.0,0.02321005817169215,,0.08040199999999997,1.0,0.02321005817169214,,0.080402,1.0,0.02321005817169215,,0.062352051262978825,0.0565533967195506,0.062352051262978825,500.3968350482623,500.6383811547965,0.005
back,trace19.csv,515.68,1.000000000001e-06,500000,,partial: calibration/probe/R0 terms unresolved,0.080402,1.0,0.02321005817169215,,0.08040199999999997,1.0,0.02321005817169214,,0.08040199999999999,1.0,0.023210058171692142,,0.056492186461519066,0.05462352519862167,0.056492186461519066,515.5668404036563,515.7928316879795,0.005
back,trace20.csv,533.05,1.000000000001e-06,500000,,partial: calibration/probe/R0 terms unresolved,0.080402,1.0,0.02321005817169215,,0.08040199999999997,1.0,0.02321005817169214,,0.080402,1.0,0.02321005817169215,,0.06021690238330149,0.05998762385828708,0.06021690238330149,532.939919280396,533.175174479884,0.005
back,trace21.csv,546.45,1.000000000001e-06,500000,,partial: calibration/probe/R0 terms unresolved,0.080402,1.0,0.02321005817169215,,0.08040199999999997,1.0,0.02321005817169214,,0.080402,1.0,0.02321005817169215,,0.04953125122952592,0.052700210976989466,0.052700210976989466,546.3542575767298,546.5589017790811,0.01
back,trace22.csv,559.73,1.000000000001e-06,500000,,partial: calibration/probe/R0 terms unresolved,0.080402,1.0,0.02321005817169215,,0.08040199999999997,1.0,0.02321005817169214,,0.08040199999999999,1.0,0.023210058171692142,,0.05417431238074458,0.06203651578703488,0.06203651578703488,559.6052836751969,559.8411344229519,0.01
back,trace23.csv,566.43,1.000000000001e-06,500000,,partial: calibration/probe/R0 terms unresolved,0.080402,1.0,0.02321005817169215,,0.08040199999999997,1.0,0.02321005817169214,,0.08040199999999999,1.0,0.023210058171692142,,0.06180228650703495,0.05786323454534674,0.06180228650703495,566.3258667343275,566.5585351784493,0.005
back,trace24.csv,574.95,1.000000000001e-06,500000,,partial: calibration/probe/R0 terms unresolved,0.080402,1.0,0.02321005817169215,,0.08040199999999997,1.0,0.02321005817169214,,0.08040199999999999,1.0,0.023210058171692142,,0.05808372774254769,0.06495423954161221,0.06495423954161221,574.8179788908728,575.0709273992167,0.01
back,trace25.csv,582.47,1.000000000001e-06,500000,,partial: calibration/probe/R0 terms unresolved,0.080402,1.0,0.02321005817169215,,0.08040199999999997,1.0,0.02321005817169214,,0.08040199999999997,1.0,0.02321005817169214,,0.05066938463118242,0.05436037770335855,0.05436037770335855,582.353924303338,582.5725103965462,0.01
back,trace26.csv,591.79,1.000000000001e-06,500000,,partial: calibration/probe/R0 terms unresolved,0.08040200000000003,1.0,0.023210058171692156,,0.08040199999999997,1.0,0.02321005817169214,,0.08040199999999999,1.0,0.023210058171692142,,0.06227459969038587,0.0637880156947774,0.0637880156947774,591.6526176711192,591.9029623844738,0.01
back,trace27.csv,600.22,1.000000000001e-06,500000,,partial: calibration/probe/R0 terms unresolved,0.08040200000000003,1.0,0.023210058171692156,,0.08040199999999997,1.0,0.02321005817169214,,0.08040199999999999,1.0,0.023210058171692142,,0.05462588943554553,0.06395057742531306,0.06395057742531306,600.0983566510497,600.3534985532834,0.01
back,trace28.csv,609.11,1.000000000001e-06,500000,,partial: calibration/probe/R0 terms unresolved,0.08040200000000003,1.0,0.023210058171692156,,0.08040199999999997,1.0,0.02321005817169214,,0.08040199999999997,1.0,0.02321005817169214,,0.058896175437032024,0.056532562153737476,0.058896175437032024,608.9948402114305,609.2264148672758,0.005
back,trace29.csv,619.81,1.000000000001e-06,500000,,partial: calibration/probe/R0 terms unresolved,0.08040200000000003,1.0,0.023210058171692156,,0.08040199999999997,1.0,0.02321005817169214,,0.08040199999999997,1.0,0.02321005817169214,,0.07129518081982077,0.07015415173365823,0.07129518081982077,619.6686936924931,619.9561276953415,0.005
back,trace30.csv,628.02,1.000000000001e-06,500000,,partial: calibration/probe/R0 terms unresolved,0.08040200000000003,1.0,0.023210058171692156,,0.08040199999999997,1.0,0.02321005817169214,,0.08040199999999997,1.0,0.02321005817169214,,0.0750639201972279,0.0691933507039473,0.0750639201972279,627.8700635951692,628.1698138808583,0.005
back,trace31.csv,636.37,1.000000000001e-06,500000,,partial: calibration/probe/R0 terms unresolved,0.08040200000000003,1.0,0.023210058171692156,,0.08040199999999997,1.0,0.02321005817169214,,0.08040199999999997,1.0,0.02321005817169214,,0.060935761758678486,0.06696790583522225,0.06696790583522225,636.2374360056732,636.4979356974449,0.01
back,trace32.csv,646.74,1.000000000001e-06,500000,,partial: calibration/probe/R0 terms unresolved,0.08040200000000003,1.0,0.023210058171692156,,0.08040199999999997,1.0,0.02321005817169214,,0.08040199999999997,1.0,0.02321005817169214,,0.05428529254706325,0.05877775983820621,0.05877775983820621,646.6180234861254,646.8446974822778,0.01
back,trace33.csv,654.04,1.000000000001e-06,500000,,partial: calibration/probe/R0 terms unresolved,0.080402,1.0,0.02321005817169215,,0.08040199999999997,1.0,0.02321005817169214,,0.08040199999999997,1.0,0.02321005817169214,,0.0657501453723184,0.061498137857084995,0.0657501453723184,653.9239099294639,654.1823273994651,0.005
back,trace34.csv,661.28,1.000000000001e-06,500000,,partial: calibration/probe/R0 terms unresolved,0.080402,1.0,0.02321005817169215,,0.08040199999999997,1.0,0.02321005817169214,,0.08040199999999997,1.0,0.02321005817169214,,0.06887823556553839,0.061413717611131784,0.06887823556553839,661.1636403009413,661.4169697605955,0.005
back,trace35.csv,675.01,1.000000000001e-06,500000,,partial: calibration/probe/R0 terms unresolved,0.080402,1.0,0.02321005817169215,,0.08040199999999997,1.0,0.02321005817169214,,0.08040199999999997,1.0,0.02321005817169214,,0.06584627817675753,0.05629538954724045,0.06584627817675753,674.8757879096692,675.135758871563,0.005
back,trace36.csv,685.44,1.000000000001e-06,500000,,partial: calibration/probe/R0 terms unresolved,0.02412060000000002,1.0,0.00696301745150765,,0.024120599999999992,1.0,0.006963017451507641,,0.024120600000000006,1.0,0.006963017451507646,,0.13784613048722788,0.1362188691173412,0.13784613048722788,685.1654429610517,685.6904733739598,0.005
back,trace37.csv,689.91,1.000000000001e-06,500000,,partial: calibration/probe/R0 terms unresolved,0.024120600000000034,1.0,0.0069630174515076535,,0.024120599999999992,1.0,0.006963017451507641,,0.024120600000000006,1.0,0.006963017451507646,,0.1311223502527311,0.14731764124344165,0.14731764124344165,689.6443767046345,690.2063553111633,0.01
back,trace38.csv,696.36,1.000000000001e-06,500000,,partial: calibration/probe/R0 terms unresolved,0.024120600000000048,1.0,0.006963017451507658,,0.024120599999999992,1.0,0.006963017451507641,,0.02412060000000002,1.0,0.00696301745150765,,0.12289024691854263,0.12420822937713816,0.12420822937713816,696.1300493103837,696.6253823029966,0.01
back,trace39.csv,700.8,1.000000000001e-06,500000,,partial: calibration/probe/R0 terms unresolved,0.024120600000000048,1.0,0.006963017451507658,,0.024120599999999992,1.0,0.006963017451507641,,0.02412060000000002,1.0,0.00696301745150765,,0.13953071308701834,0.13604394093037975,0.13953071308701834,700.5301612644964,701.0602621933974,0.005
back,trace40.csv,703.89,1.000000000001e-06,500000,,partial: calibration/probe/R0 terms unresolved,0.024120600000000048,1.0,0.006963017451507658,,0.024120599999999992,1.0,0.006963017451507641,,0.02412060000000002,1.0,0.00696301745150765,,0.12140679838685187,0.11264180854820295,0.12140679838685187,703.6391775719212,704.1045140729701,0.005
back,trace41.csv,706.59,1.000000000001e-06,500000,,partial: calibration/probe/R0 terms unresolved,0.024120600000000048,1.0,0.006963017451507658,,0.024120599999999992,1.0,0.006963017451507641,,0.02412060000000002,1.0,0.00696301745150765,,0.1233333449335332,0.12439657736030814,0.12439657736030814,706.3582574562042,706.8536676890919,0.01
back,trace42.csv,707.52,1.000000000001e-06,500000,,partial: calibration/probe/R0 terms unresolved,0.024120600000000048,1.0,0.006963017451507658,,0.024120599999999992,1.0,0.006963017451507641,,0.02412060000000002,1.0,0.00696301745150765,,0.13471335812948945,0.13683676388987473,0.13683676388987473,707.2591936619235,707.7654815290127,0.01
back,trace43.csv,710.16,1.000000000001e-06,500000,,partial: calibration/probe/R0 terms unresolved,0.024120600000000048,1.0,0.006963017451507658,,0.024120599999999992,1.0,0.006963017451507641,,0.02412060000000002,1.0,0.00696301745150765,,0.11735057883831122,0.13574715603160145,0.13574715603160145,709.8986841184839,710.4202694257804,0.01
back,trace44.csv,713.3,1.000000000001e-06,500000,,partial: calibration/probe/R0 terms unresolved,0.024120600000000048,1.0,0.006963017451507658,,0.024120599999999992,1.0,0.006963017451507641,,0.02412060000000002,1.0,0.00696301745150765,,0.11427178604879297,0.11252958473056561,0.11427178604879297,713.071561437883,713.5130347784066,0.005
back,trace45.csv,717.02,1.000000000001e-06,500000,,partial: calibration/probe/R0 terms unresolved,0.024120600000000048,1.0,0.006963017451507658,,0.024120599999999992,1.0,0.006963017451507641,,0.024120600000000034,1.0,0.0069630174515076535,,0.11800576599436673,0.12888394357198962,0.12888394357198962,716.7428033312722,717.2456561636371,0.01
back,trace46.csv,721.07,1.000000000001e-06,500000,,partial: calibration/probe/R0 terms unresolved,0.024120600000000048,1.0,0.006963017451507658,,0.024120599999999992,1.0,0.006963017451507641,,0.024120600000000034,1.0,0.0069630174515076535,,0.12038073027879619,0.10878201870708286,0.12038073027879619,720.8364069211153,721.2960108772154,0.005
back,trace47.csv,724.07,1.000000000001e-06,500000,,partial: calibration/probe/R0 terms unresolved,0.024120600000000048,1.0,0.006963017451507658,,0.024120599999999992,1.0,0.006963017451507641,,0.024120600000000034,1.0,0.0069630174515076535,,0.10861450338228576,0.09250393230753629,0.10861450338228576,723.8697752864675,724.2799692199238,0.005
back,trace48.csv,726.91,1.000000000001e-06,500000,,partial: calibration/probe/R0 terms unresolved,0.024120600000000048,1.0,0.006963017451507658,,0.024120599999999992,1.0,0.006963017451507641,,0.024120600000000034,1.0,0.0069630174515076535,,0.12226602002670815,0.11080866229585712,0.12226602002670815,726.7113496225555,727.1627471064297,0.005
back,trace49.csv,731.04,1.000000000001e-06,500000,,partial: calibration/probe/R0 terms unresolved,0.024120600000000048,1.0,0.006963017451507658,,0.024120599999999992,1.0,0.006963017451507641,,0.024120600000000048,1.0,0.006963017451507658,,0.10398324367437484,0.09136420333946954,0.10398324367437484,730.8344013915696,731.2408464492479,0.005
back,trace50.csv,732.15,1.000000000001e-06,500000,,partial: calibration/probe/R0 terms unresolved,0.024120600000000048,1.0,0.006963017451507658,,0.024120599999999992,1.0,0.006963017451507641,,0.024120600000000048,1.0,0.006963017451507658,,0.11707534221043424,0.1160009846045975,0.11707534221043424,731.9248344608282,732.3573587504899,0.005
back,trace51.csv,733.71,1.000000000001e-06,500000,,partial: calibration/probe/R0 terms unresolved,0.024120600000000048,1.0,0.006963017451507658,,0.024120599999999992,1.0,0.006963017451507641,,0.024120600000000048,1.0,0.006963017451507658,,0.12168825213628137,0.125819938057738,0.125819938057738,733.4745218558766,733.9669642527286,0.01
back,trace52.csv,733.98,1.000000000001e-06,500000,,partial: calibration/probe/R0 terms unresolved,0.024120600000000048,1.0,0.006963017451507658,,0.024120599999999992,1.0,0.006963017451507641,,0.024120600000000048,1.0,0.006963017451507658,,0.1185797446555396,0.12210486214863848,0.12210486214863848,733.7491039985898,734.2261211085026,0.01
back,trace53.csv,734.71,1.000000000001e-06,500000,,partial: calibration/probe/R0 terms unresolved,0.024120600000000048,1.0,0.006963017451507658,,0.024120599999999992,1.0,0.006963017451507641,,0.024120600000000048,1.0,0.006963017451507658,,0.11079860538219531,0.1223879260799658,0.1223879260799658,734.4869343681527,734.9558904340056,0.01
back,trace54.csv,737.09,1.000000000001e-06,500000,,partial: calibration/probe/R0 terms unresolved,0.024120600000000048,1.0,0.006963017451507658,,0.024120599999999992,1.0,0.006963017451507641,,0.024120600000000048,1.0,0.006963017451507658,,0.10452108731976821,0.1100753428328587,0.1100753428328587,736.8879964334341,737.3098844466341,0.01
back,trace55.csv,738.43,1.000000000001e-06,500000,,partial: calibration/probe/R0 terms unresolved,0.024120600000000048,1.0,0.006963017451507658,,0.024120599999999992,1.0,0.006963017451507641,,0.024120600000000048,1.0,0.006963017451507658,,0.12014690366173152,0.13179575173789965,0.13179575173789965,738.1855625712976,738.6799454292403,0.01
back,trace56.csv,740.01,1.000000000001e-06,500000,,partial: calibration/probe/R0 terms unresolved,0.024120600000000048,1.0,0.006963017451507658,,0.024120599999999992,1.0,0.006963017451507641,,0.024120600000000048,1.0,0.006963017451507658,,0.11267683902477689,0.11822330169736604,0.11822330169736604,739.7516120027307,740.1990739068527,0.01
back,trace57.csv,741.14,1.000000000001e-06,500000,,partial: calibration/probe/R0 terms unresolved,0.024120600000000048,1.0,0.006963017451507658,,0.024120599999999992,1.0,0.006963017451507641,,0.024120600000000048,1.0,0.006963017451507658,,0.1233593778862632,0.10224401752897838,0.1233593778862632,740.8841235773903,741.367807990712,0.005
back,trace58.csv,742.41,1.000000000001e-06,500000,,partial: calibration/probe/R0 terms unresolved,0.024120600000000048,1.0,0.006963017451507658,,0.024120599999999992,1.0,0.006963017451507641,,0.024120600000000048,1.0,0.006963017451507658,,0.1347890176247144,0.13361866223423136,0.1347890176247144,742.1354642982802,742.6759934137435,0.005
back,trace59.csv,744.74,1.000000000001e-06,500000,,partial: calibration/probe/R0 terms unresolved,0.024120600000000048,1.0,0.006963017451507658,,0.024120599999999992,1.0,0.006963017451507641,,0.024120600000000048,1.0,0.006963017451507658,,0.10492566713603337,0.1273773076889922,0.1273773076889922,744.4857744241984,745.0030415327075,0.01
back,trace60.csv,747.15,1.000000000001e-06,500000,,partial: calibration/probe/R0 terms unresolved,0.024120600000000048,1.0,0.006963017451507658,,0.024120599999999992,1.0,0.006963017451507641,,0.024120600000000048,1.0,0.006963017451507658,,0.1405275915085563,0.1339392292418327,0.1405275915085563,746.9068021813632,747.4370886358513,0.005
back,trace61.csv,749.68,3.999999999976245e-07,500000,,partial: calibration/probe/R0 terms unresolved,0.024120600000000048,1.0,0.006963017451507658,,0.024120599999999992,1.0,0.006963017451507641,,0.024120600000000048,1.0,0.006963017451507658,,0.1897790377708577,0.15481698307646916,0.1897790377708577,749.2872844193862,750.0466154032983,0.005
back,trace62.csv,751.47,3.999999999976245e-07,500000,,partial: calibration/probe/R0 terms unresolved,0.024120600000000048,1.0,0.006963017451507658,,0.024120599999999992,1.0,0.006963017451507641,,0.024120600000000048,1.0,0.006963017451507658,,0.17146521593574135,0.1775547285801508,0.1775547285801508,751.1241461069795,751.7968255383278,0.01
back,trace63.csv,756.1,3.999999999976245e-07,500000,,partial: calibration/probe/R0 terms unresolved,0.024120600000000048,1.0,0.006963017451507658,,0.024120599999999992,1.0,0.006963017451507641,,0.024120600000000048,1.0,0.006963017451507658,,0.14705088176867995,0.12579109777558023,0.14705088176867995,755.8095685850788,756.3806482981315,0.005
back,trace64.csv,763.87,3.999999999976245e-07,500000,,partial: calibration/probe/R0 terms unresolved,0.02412065000000002,1.0,0.00696303188526438,,0.024120599999999992,1.0,0.006963017451507641,,0.024120600000000048,1.0,0.006963017451507658,,0.12587544064286887,0.12813697308714284,0.12813697308714284,763.6011701277898,764.0796509856741,0.01
back,trace65.csv,765.42,3.999999999976245e-07,500000,,partial: calibration/probe/R0 terms unresolved,0.02412075000000008,1.0,0.006963060752777857,,0.024120599999999992,1.0,0.006963017451507641,,0.024120600000000048,1.0,0.006963017451507658,,0.15556022919344642,0.15069710398778488,0.15556022919344642,765.0971940863516,765.7061456266856,0.005
back,trace66.csv,767.92,3.999999999976245e-07,500000,,partial: calibration/probe/R0 terms unresolved,0.024120999999999615,1.0,0.006963132921561371,,0.024120599999999992,1.0,0.006963017451507641,,0.024120600000000048,1.0,0.006963017451507658,,0.16400466957713658,0.15800496420428398,0.16400466957713658,767.6188175547004,768.233165341917,0.005
back,trace67.csv,768.27,3.999999999976245e-07,500000,,partial: calibration/probe/R0 terms unresolved,0.024120999999999615,1.0,0.006963132921561371,,0.024120599999999992,1.0,0.006963017451507641,,0.024120600000000048,1.0,0.006963017451507658,,0.13890168365373795,0.13755605452108516,0.13890168365373795,768.0216288558263,768.554816435725,0.005
back,trace68.csv,778.35,3.999999999976245e-07,500000,,partial: calibration/probe/R0 terms unresolved,0.024120999999999615,1.0,0.006963132921561371,,0.024120599999999992,1.0,0.006963017451507641,,0.024120600000000048,1.0,0.006963017451507658,,0.13551387518235455,0.12069491038893221,0.13551387518235455,778.0915234651278,778.6206663670192,0.005
back,trace69.csv,805.67,3.999999999976245e-07,500000,,partial: calibration/probe/R0 terms unresolved,0.029748999999999803,1.0,0.008587796579061032,,0.029748700000000072,1.0,0.008587709976520731,,0.02974889999999991,1.0,0.008587767711547603,,0.13554879514764823,0.12290788181882195,0.13554879514764823,805.4120928373399,805.949539275959,0.005
back,trace70.csv,824.73,3.999999999976245e-07,500000,,partial: calibration/probe/R0 terms unresolved,0.029748999999999803,1.0,0.008587796579061032,,0.029748700000000072,1.0,0.008587709976520731,,0.029748999999999803,1.0,0.008587796579061032,,0.1542538841845922,0.15415695814509248,0.1542538841845922,824.4013303900675,825.0250497269599,0.005
back,trace71.csv,849.06,3.999999999976245e-07,500000,,partial: calibration/probe/R0 terms unresolved,0.029748999999999803,1.0,0.008587796579061032,,0.029748700000000072,1.0,0.008587709976520731,,0.029748999999999803,1.0,0.008587796579061032,,0.23062136197245314,0.19904503314743208,0.23062136197245314,848.6129253370301,849.5359136271023,0.005
back,trace72.csv,863.53,3.999999999976245e-07,500000,,partial: calibration/probe/R0 terms unresolved,0.018090000000000384,1.0,0.005222133184820276,,0.018090450000000008,1.0,0.005222263088630735,,0.01809000000000016,1.0,0.0052221331848202115,,0.356919979013464,0.420866082680383,0.420866082680383,862.7133644418351,864.4083632701524,0.01
back,trace73.csv,873.46,3.999999999976245e-07,500000,,partial: calibration/probe/R0 terms unresolved,0.018090000000000384,1.0,0.005222133184820276,,0.018090452400000005,1.0,0.005222263781451058,,0.01809000000000005,1.0,0.00522213318482018,,0.6566543482380616,0.7294858589623485,0.7294858589623485,872.0197976613698,874.8193452413444,0.01
back,trace74.csv,900.62,3.999999999976245e-07,500000,,partial: calibration/probe/R0 terms unresolved,0.00844200000000006,1.0,0.002436995486249428,,0.00844221,1.0,0.0024370561080276753,,0.00844200000000006,1.0,0.002436995486249428,,1.236004854152383,1.2484761859118534,1.2484761859118534,898.0567857335532,903.2670979135338,0.01
