sweep,filename,n_samples,duration_s,status,reason,rpot_ohm,residual_pct,divider_difference_ohm,maxima,peak_count_matches,max_peak_difference_V,clip_pct
forward,trace1.csv,500000,0.49999899999999997,rejected,non-physical divider coefficients; check channels/clipping,,,,,,,
forward,trace2.csv,500000,0.19999963999999998,rejected,non-physical divider coefficients; check channels/clipping,,,,,,,
forward,trace3.csv,500000,0.19999963999999998,rejected,non-physical divider coefficients; check channels/clipping,,,,,,,
forward,trace4.csv,500000,0.19999963999999998,rejected,,44848.45005981683,11.28068016467965,5.9816833527293056e-05,,,,
forward,trace5.csv,500000,0.19999963999999998,rejected,,20019.876094583702,13.894345199038533,-0.003905416298948694,,,,
forward,trace6.csv,500000,0.19999963999999998,rejected,,30004.14040981567,12.945735252595453,0.0004098156714462675,,,,
forward,trace7.csv,500000,0.19999963999999998,rejected,,96074.21726429655,11.362297978859386,-0.00273570345598273,,,,
forward,trace8.csv,500000,0.19999963999999998,rejected,,39147.741245625075,13.25451742360875,0.001245625076990109,,,,
forward,trace9.csv,500000,0.19999963999999998,rejected,,4626.292095909773,13.866302509485728,0.002095909772833693,,,,
forward,trace10.csv,500000,0.19999963999999998,rejected,,5857.5345622081395,13.964658439465419,0.004562208139759605,,,,
forward,trace11.csv,500000,0.19999963999999998,rejected,,1765.7771485806868,13.92657246310838,-0.0028514193131741195,,,,
forward,trace12.csv,500000,0.19999963999999998,rejected,,777.6863275625401,7.996158386070869,-0.0036724374599543808,,,,
forward,trace13.csv,500000,0.19999963999999998,rejected,,837.6174441124276,5.848931507770265,-0.002555887572384563,,,,
forward,trace14.csv,500000,0.19999963999999998,ok,,870.4951899297082,4.5322984302735865,-0.0048100702917963645,609.0,True,4.99585309565731e-07,0.0084
forward,trace15.csv,500000,0.19999963999999998,ok,,881.2441581023884,3.9620436171749907,0.004158102388373663,609.0,True,4.979713006392217e-07,0.0008
forward,trace16.csv,500000,0.19999963999999998,ok,,887.7080772482774,3.3511485183203202,-0.0019227517226454438,608.0,True,4.999780021108791e-07,0.5638
forward,trace17.csv,500000,0.19999963999999998,ok,,891.0268801130488,2.777014143025683,-0.0031198869511399607,608.0,True,4.994111479916796e-07,0.241
forward,trace18.csv,500000,0.19999963999999998,ok,,891.1828801609491,2.4298768996238693,0.002880160949189303,608.0,True,4.974477092467566e-07,0.086
forward,trace19.csv,500000,0.19999963999999998,ok,,886.7472831851293,2.1003416867441143,-0.002716814870723283,607.0,True,4.998038294345974e-07,0.0364
forward,trace20.csv,500000,0.19999963999999998,ok,,886.1557927966311,1.7928604431667237,-0.004207203368878254,607.0,True,4.994111377776278e-07,0.2914
forward,trace21.csv,500000,0.19999963999999998,ok,,885.561334566764,1.716340503087739,0.001334566764057854,607.0,True,4.998474563144839e-07,0.6192
forward,trace22.csv,500000,0.19999963999999998,ok,,886.7957400286675,1.6089910441432245,-0.004259971332430723,606.0,True,4.996729261463884e-07,0.0266
forward,trace23.csv,500000,0.19999963999999998,ok,,886.2790177275646,1.4650674935318284,-0.0009822724354080492,605.0,True,4.99454438251945e-07,0.0344
forward,trace24.csv,500000,0.19999963999999998,ok,,889.8372484855239,1.3825351735754436,-0.0027515144761309784,605.0,True,4.998907598974256e-07,0.0076
forward,trace25.csv,500000,0.19999963999999998,ok,,886.3664744834925,1.194764516552351,-0.003525516507465909,605.0,True,4.999343965472747e-07,0.0018
forward,trace26.csv,500000,0.19999963999999998,ok,,884.810269988609,1.079906634328147,0.0002699886090340442,604.0,True,4.996729128237121e-07,0.1902
forward,trace27.csv,500000,0.19999963999999998,ok,,882.1919978472682,1.0075329067319683,0.0019978472681714265,603.0,True,4.998471379025204e-07,0.0682
forward,trace28.csv,500000,0.19999963999999998,ok,,879.879002819367,0.9606682212688116,-0.000997180633021344,603.0,True,4.988002695327509e-07,0.0046
forward,trace29.csv,500000,0.19999963999999998,ok,,877.5912844655717,0.8927721137884074,0.0012844655716435227,602.0,True,4.988438968567266e-07,0.1018
forward,trace30.csv,500000,0.19999963999999998,ok,,875.8511496122197,0.8470359737328202,0.0011496122197058867,601.0,True,4.999783245196454e-07,0.0038
forward,trace31.csv,500000,0.19999963999999998,ok,,873.7039685307554,0.8071638532718498,0.003968530755400934,601.0,True,4.997601621425929e-07,0.058
forward,trace32.csv,500000,0.19999963999999998,ok,,872.3861130777439,0.7554552707862192,-0.0038869222561288552,600.0,True,4.989747854899917e-07,0.0504
forward,trace33.csv,500000,0.19999963999999998,ok,,870.7357952451548,0.7202056014808266,-0.004204754845204661,600.0,True,4.988875179634533e-07,0.004
forward,trace34.csv,500000,0.19999963999999998,ok,,868.3425782006747,0.6629186369176678,0.0025782006746339903,599.0,True,4.998910476672336e-07,0.1358
forward,trace35.csv,500000,0.19999963999999998,ok,,867.396125547511,0.6337717837004028,-0.0038744524889580134,598.0,True,4.991926854103212e-07,0.0392
forward,trace36.csv,500000,0.19999963999999998,ok,,863.6865325098172,0.5849428073767626,-0.0034674901828566362,597.0,True,4.983200523334119e-07,0.015
forward,trace37.csv,500000,0.19999963999999998,ok,,867.4895859583385,0.5921940571440395,-0.00041404166154279665,596.0,True,4.999346672196481e-07,0.0002
forward,trace38.csv,500000,0.19999963999999998,ok,,864.8080366423553,0.5418114040411106,-0.00196335764462674,595.0,True,4.983636971989114e-07,0.0892
forward,trace39.csv,500000,0.19999963999999998,ok,,862.94228464937,0.5170671660340462,0.0022846493699262282,594.0,True,4.98800019954615e-07,0.0706
forward,trace40.csv,500000,0.19999963999999998,ok,,860.3872873881209,0.5051544706811008,-0.0027126118791329645,592.0,True,4.997164519959796e-07,0.0178
forward,trace41.csv,500000,0.19999963999999998,ok,,854.2870073534845,0.4674011676069346,-0.002992646515508568,590.0,True,4.991492306150036e-07,0.1254
forward,trace42.csv,500000,0.19999963999999998,ok,,852.8518177598075,0.44747957238963126,0.0018177598075226342,589.0,True,4.99905514095289e-07,0.0822
forward,trace43.csv,500000,0.19999963999999998,ok,,862.1285743208931,0.4645531741487528,-0.0014256791068874008,587.0,True,4.999055072119063e-07,0.0644
forward,trace44.csv,500000,0.19999963999999998,ok,,844.5282110241692,0.4588721451991411,-0.0017889758307774173,584.0,True,4.999054294962946e-07,0.5356
forward,trace45.csv,500000,0.19999963999999998,ok,,840.5322458931148,0.45828242466299846,0.0022458931148321426,583.0,True,4.994327514884489e-07,0.3458
forward,trace46.csv,500000,0.19999963999999998,ok,,837.8142934034937,0.46007728367645445,0.004293403493761616,583.0,True,4.991492096317884e-07,0.0084
forward,trace47.csv,500000,0.19999963999999998,ok,,834.9755386133394,0.45808681368209575,-0.00446138666063689,582.0,True,4.997919899052405e-07,0.0218
forward,trace48.csv,500000,0.19999963999999998,ok,,830.8521237668366,0.45895086734588997,0.002123766836575669,581.0,True,4.995084438297326e-07,0.1924
forward,trace49.csv,500000,0.19999963999999998,ok,,828.9238294195526,0.4585009800203509,0.0038294195526304975,581.0,True,4.998487130869478e-07,0.0556
forward,trace50.csv,500000,0.19999963999999998,ok,,825.9561549463627,0.46125650403505014,-0.0038450536372920396,580.0,True,4.997731427591745e-07,0.0096
forward,trace51.csv,500000,0.19999963999999998,ok,,818.5547254368321,0.4800378032693228,0.004725436832131891,579.0,True,4.9920587275043e-07,0.1194
forward,trace52.csv,500000,0.19999963999999998,ok,,816.1672090547816,0.4860501357905653,-0.0027909452184076144,578.0,True,4.992059248198899e-07,0.0066
forward,trace53.csv,500000,0.19999963999999998,ok,,810.3278091747072,0.4951862821789491,-0.0021908252928142247,578.0,True,4.99886532612237e-07,0.1802
forward,trace54.csv,500000,0.19999963999999998,ok,,804.3614160513886,0.49811321749123105,0.0014160513885599357,576.0,True,4.990924793446538e-07,0.924
forward,trace55.csv,500000,0.19999963999999998,ok,,800.7211125993875,0.4925557114574419,0.0011125993875111817,576.0,True,4.994328078877786e-07,0.2002
forward,trace56.csv,500000,0.19999963999999998,ok,,794.6247786177461,0.5032518675318335,0.004778617746069358,575.0,True,4.992058771913221e-07,0.4872
forward,trace57.csv,500000,0.19999963999999998,ok,,791.6162107965129,0.5078068053808408,-0.003789203487144732,574.0,True,4.997730927991384e-07,0.086
forward,trace58.csv,500000,0.19999963999999998,ok,,787.7680340844605,0.5092032541519139,-0.0019659155394720074,574.0,True,4.994327647001029e-07,0.0182
forward,trace59.csv,500000,0.19999963999999998,ok,,783.5044098928122,0.51448707119352,0.004409892812191174,573.0,True,4.992436937190092e-07,0.023
forward,trace60.csv,500000,0.19999963999999998,ok,,780.0896277721251,0.5149539187975232,-0.00037222787489099574,572.0,True,4.997542260021248e-07,0.4828
forward,trace61.csv,500000,0.19999963999999998,ok,,779.77793724163,0.5776961284598677,-0.0020627583700161267,571.0,True,4.992437316331255e-07,0.218
forward,trace62.csv,500000,0.19999963999999998,ok,,773.7875383063997,0.5770119977355062,-0.0024616936002530565,570.0,True,4.999243906622652e-07,0.0014
forward,trace63.csv,500000,0.19999963999999998,ok,,777.6159923270833,0.5817185765685384,-0.004007672916714,571.0,True,4.980336726911894e-07,0.676
forward,trace64.csv,500000,0.19999963999999998,ok,,779.925008413906,0.578394179523181,-0.004991586093979095,571.0,True,4.993949888620897e-07,0.1606
forward,trace65.csv,500000,0.19999963999999998,ok,,781.9356927916965,0.5756979374869214,-0.00430720830354403,572.0,True,4.980714876090531e-07,0.0512
forward,trace66.csv,500000,0.19999963999999998,ok,,783.0078594975042,0.5783483606119235,-0.0021405024957630303,572.0,True,4.996974667381693e-07,0.0004
forward,trace67.csv,500000,0.19999963999999998,ok,,774.5514544286722,0.5885111137425956,0.0014544286722184552,570.0,True,4.992059169928176e-07,0.0216
forward,trace68.csv,500000,0.19999963999999998,ok,,773.581576246922,0.5725835248048021,0.0015762469220135245,570.0,True,4.99678562249084e-07,0.0012
forward,trace69.csv,500000,0.19999963999999998,ok,,772.7361562556283,0.5820344307114786,-0.003843744371692992,570.0,True,4.999054493137756e-07,0.0018
forward,trace70.csv,500000,0.19999963999999998,ok,,771.8353139939028,0.5714413814939987,-0.004686006097244899,570.0,True,4.995084350589707e-07,0.6214
forward,trace71.csv,500000,0.19999963999999998,ok,,771.4589139811885,0.5769268369947207,-0.0010860188115202618,570.0,True,4.99300421119564e-07,0.4902
forward,trace72.csv,500000,0.19999963999999998,ok,,770.4874285528165,0.5746357570976276,-0.002571447183527198,570.0,True,4.990924339365321e-07,0.2486
forward,trace73.csv,500000,0.19999963999999998,ok,,770.1728800510754,0.5758514448726566,0.0028800510754081188,570.0,True,4.994894842180742e-07,0.599
forward,trace74.csv,500000,0.19999963999999998,ok,,769.5407606911783,0.5749974791928166,0.0007606911783568648,570.0,True,4.991113401464631e-07,0.0306
forward,trace75.csv,500000,0.19999963999999998,ok,,768.6833010652659,0.57038129411187,0.0033010652659868356,570.0,True,4.985063107865173e-07,0.0552
forward,trace76.csv,500000,0.19999963999999998,ok,,767.584961931807,0.5734313256663361,0.004961931806974462,570.0,True,4.991680964683276e-07,0.686
forward,trace77.csv,500000,0.19999963999999998,ok,,766.419456642534,0.5733063556614805,-0.0005433574659718943,570.0,True,4.999810814809713e-07,0.1578
forward,trace78.csv,500000,0.19999963999999998,ok,,764.9493684789629,0.5755447397923316,-0.0006315210371212743,570.0,True,4.984685086362184e-07,0.005
forward,trace79.csv,500000,0.19999963999999998,ok,,764.1677179226937,0.5749351519681462,-0.0022820773062903754,570.0,True,4.994138673719561e-07,0.0288
forward,trace80.csv,500000,0.19999963999999998,ok,,762.1801247277394,0.5721669323356836,0.00012472773948957183,570.0,True,4.988655601390057e-07,0.0524
forward,trace81.csv,500000,0.19999963999999998,ok,,761.0464542834842,0.5738709900161622,-0.0035457165157595227,569.0,True,4.989033751678917e-07,0.3284
forward,trace82.csv,500000,0.19999963999999998,ok,,760.1678317869848,0.5730294751017679,-0.0021682130151248202,569.0,True,4.994706254146664e-07,0.2348
forward,trace83.csv,500000,0.19999963999999998,ok,,759.4815196317069,0.5714223209361385,0.0015196317068557619,569.0,True,4.999432871299891e-07,0.0768
forward,trace84.csv,500000,0.19999963999999998,ok,,757.9822301488647,0.5735855514146917,0.0022301488646689904,568.0,True,4.991680764565576e-07,0.0976
forward,trace85.csv,500000,0.19999963999999998,ok,,756.3472426352483,0.5721821805951145,-0.002757364751687419,568.0,True,4.986954329488924e-07,0.035
forward,trace86.csv,500000,0.19999963999999998,ok,,754.0714973583692,0.5716868994543816,0.001497358369192625,568.0,True,4.995250014738772e-07,0.0704
forward,trace87.csv,500000,0.19999963999999998,ok,,754.8440006770372,0.5689732544208226,0.00400067703719742,568.0,True,4.999433077523818e-07,0.05
forward,trace88.csv,500000,0.19999963999999998,ok,,754.5979227186785,0.5767262677477608,-0.002077281321476221,568.0,True,4.995084222081392e-07,0.1584
forward,trace89.csv,500000,0.19999963999999998,ok,,753.2603549812089,0.5754788732409654,0.00035498120894317253,568.0,True,4.99887848504077e-07,0.0094
forward,trace90.csv,500000,0.19999963999999998,ok,,752.5741715671479,0.5692714732037143,0.0041715671478641525,568.0,True,4.989081270334594e-07,0.0504
forward,trace91.csv,500000,0.19999963999999998,ok,,751.1085439123151,0.5704683306561752,-0.0014560876849145643,568.0,True,4.998152703661329e-07,0.4336
forward,trace92.csv,500000,0.19999963999999998,ok,,749.4767407823929,0.5775877069123379,-0.0032592176071375434,568.0,True,4.985819707647998e-07,0.0192
forward,trace93.csv,500000,0.19999963999999998,ok,,748.9620881718656,0.5756502120276521,0.0020881718655800796,568.0,True,4.999043254905189e-07,0.0174
forward,trace94.csv,500000,0.19999963999999998,ok,,750.2949254389778,0.5746165274069858,0.004925438977807062,568.0,True,4.998383792420569e-07,0.0846
forward,trace95.csv,500000,0.19999963999999998,ok,,749.2477159099634,0.5746314768108136,-0.0022840900365963535,568.0,True,4.998416662516103e-07,0.0158
forward,trace96.csv,500000,0.19999963999999998,ok,,748.5707809727554,0.573724234584106,0.0007809727553649282,568.0,True,4.996704623672077e-07,0.0444
forward,trace97.csv,500000,0.19999963999999998,ok,,747.6610952902121,0.5740173391560908,0.0010952902121061925,568.0,True,4.997954849428332e-07,0.0958
forward,trace98.csv,500000,0.19999963999999998,ok,,746.8320645145617,0.5755233202088712,0.002064514561652686,568.0,True,4.995150939546278e-07,0.0516
forward,trace99.csv,500000,0.19999963999999998,ok,,746.1959701198302,0.576394960037806,-0.004029880169809985,567.0,True,4.97882247985082e-07,0.0092
forward,trace100.csv,500000,0.19999963999999998,ok,,744.6401839373252,0.5757795722460762,0.00018393732523236395,567.0,True,4.989741146932403e-07,0.0158
forward,trace101.csv,500000,0.19999963999999998,ok,,743.7085605803275,0.5750078418687652,-0.0014394196725788788,566.0,True,4.990796723669533e-07,0.1028
forward,trace102.csv,500000,0.19999963999999998,ok,,743.3105895628375,0.5740027440178234,0.0005895628376038076,566.0,True,4.998746334639037e-07,0.0208
forward,trace103.csv,500000,0.19999963999999998,ok,,742.4762025125439,0.5751536418399097,-0.0037974874561541583,566.0,True,4.98692068043316e-07,0.1918
forward,trace104.csv,500000,0.19999963999999998,ok,,741.8206830110721,0.5717575804733174,0.0006830110720557059,567.0,True,4.992578023221839e-07,0.2376
forward,trace105.csv,500000,0.19999963999999998,ok,,740.8940016324549,0.5724738425576321,0.0040016324549014826,566.0,True,4.994821001247374e-07,0.0338
forward,trace106.csv,500000,0.19999963999999998,ok,,740.0047405278891,0.577668318672247,0.004740527889111945,566.0,True,4.978723436022126e-07,0.0042
forward,trace107.csv,500000,0.19999963999999998,ok,,739.5803835003964,0.5771217627711784,0.00038350039631041,566.0,True,4.997592011890539e-07,0.005
forward,trace108.csv,500000,0.19999963999999998,ok,,738.8355248620669,0.5787873896423064,-0.004475137933127371,566.0,True,4.997492818459293e-07,0.0102
forward,trace109.csv,500000,0.19999963999999998,ok,,738.0091724130463,0.5704625691092463,-0.0008275869537328617,566.0,True,4.99971300180202e-07,0.0482
forward,trace110.csv,500000,0.19999963999999998,ok,,736.917631502828,0.5785623960924775,-0.002368497171914896,566.0,True,4.997097083347946e-07,0.0464
forward,trace111.csv,500000,0.19999963999999998,ok,,736.754116137553,0.5846235547189572,0.004116137552955479,566.0,True,4.999472282829487e-07,0.0588
forward,trace112.csv,500000,0.19999963999999998,ok,,735.9669018807102,0.5720069993300997,-0.0030981192898025256,566.0,True,4.993204548719987e-07,0.0606
forward,trace113.csv,500000,0.19999963999999998,ok,,734.9015075294703,0.5787313825551929,0.001507529470359259,566.0,True,4.993765404526229e-07,0.1022
forward,trace114.csv,500000,0.19999963999999998,ok,,734.5279553102768,0.5785099533855161,-0.002044689723220472,565.0,True,4.964275088503722e-07,0.1482
forward,trace115.csv,500000,0.19999963999999998,ok,,734.0197206568424,0.5787620415194723,-0.0002793431575582872,565.0,True,4.995833767507118e-07,0.161
forward,trace116.csv,500000,0.19999963999999998,ok,,733.4257728928607,0.5788400775664913,-0.00422710713928609,566.0,True,4.997031228803905e-07,0.0008
forward,trace117.csv,500000,0.19999963999999998,ok,,733.0782334496297,0.578015905968181,-0.001766550370348341,566.0,True,4.992248005541988e-07,0.1956
forward,trace118.csv,500000,0.19999963999999998,ok,,731.8080785203528,0.5778832871440287,-0.0019214796471942464,566.0,True,4.992577871121284e-07,0.0844
forward,trace119.csv,500000,0.19999963999999998,ok,,730.996811782096,0.5782197942437208,-0.0031882179040394476,566.0,True,4.99713021961945e-07,0.016
forward,trace120.csv,500000,0.19999963999999998,ok,,730.4504177253657,0.578748095491555,0.00041772536565076734,565.0,True,4.997393983630083e-07,0.009
forward,trace121.csv,500000,0.19999963999999998,ok,,729.4763938721285,0.5803629407039184,-0.0036061278715351364,566.0,True,4.994260195956279e-07,0.0316
forward,trace122.csv,500000,0.19999963999999998,ok,,728.1801780977838,0.5857179140797256,0.00017809778387345432,566.0,True,4.992643840018296e-07,0.0948
forward,trace123.csv,500000,0.19999963999999998,ok,,729.3544359412914,0.5801450763784424,0.004435941291376366,566.0,True,4.991687316546756e-07,0.065
forward,trace124.csv,500000,0.19999963999999998,ok,,729.1139586410823,0.574183211559727,0.0039586410822494145,566.0,True,4.999505076597188e-07,0.0446
forward,trace125.csv,500000,0.19999963999999998,ok,,728.3107581652537,0.5843593041105696,0.0007581652537282935,566.0,True,4.981626127165129e-07,0.0934
forward,trace126.csv,500000,0.19999963999999998,ok,,727.6155418643386,0.5833346580532925,-0.004458135661366214,566.0,True,4.994369116884112e-07,0.0386
forward,trace127.csv,500000,0.19999963999999998,ok,,726.306395441336,0.5776937284506631,-0.003604558663937496,566.0,True,4.987003054401917e-07,0.079
forward,trace128.csv,500000,0.19999963999999998,ok,,725.9510808459773,0.5847919036893008,0.00108084597729885,566.0,True,4.976282287905143e-07,0.0004
forward,trace129.csv,500000,0.19999963999999998,ok,,725.2772089029153,0.5780627290507222,-0.002791097084696048,566.0,True,4.993171830447451e-07,0.2164
forward,trace130.csv,500000,0.19999963999999998,ok,,724.7079649485474,0.5802539227614297,-0.0020350514525944163,566.0,True,4.992248004986877e-07,0.2382
forward,trace131.csv,500000,0.19999963999999998,ok,,724.9394168960799,0.5766995684098424,-0.0005831039201211752,566.0,True,4.989480448663874e-07,0.272
forward,trace132.csv,500000,0.19999963999999998,ok,,724.698419172233,0.5783228100416619,-0.001580827767043047,566.0,True,4.998598071154214e-07,0.0404
forward,trace133.csv,500000,0.19999963999999998,ok,,723.9332902883534,0.5791473867351263,0.0032902883534688954,566.0,True,4.992973932083089e-07,0.2912
forward,trace134.csv,500000,0.19999963999999998,ok,,723.4965837398167,0.5778885492729755,-0.003416260183257691,566.0,True,4.982510320994393e-07,0.0024
forward,trace135.csv,500000,0.19999963999999998,ok,,722.6334873019679,0.5786096705687941,0.00348730196787983,566.0,True,4.991918246544103e-07,0.0054
forward,trace136.csv,500000,0.19999963999999998,ok,,721.8290633124737,0.5764926373950741,-0.0009366875262912799,566.0,True,4.994289945006725e-07,0.0688
forward,trace137.csv,500000,0.19999963999999998,ok,,721.1410274937177,0.579655686952061,0.0010274937177428,566.0,True,4.996734365714239e-07,0.0584
forward,trace138.csv,500000,0.19999963999999998,ok,,720.0272152628178,0.5840971387229388,-0.002784737182196295,566.0,True,4.984562227416944e-07,0.0014
forward,trace139.csv,500000,0.19999963999999998,ok,,719.1411051457866,0.5839318189025421,0.0011051457865960401,566.0,True,4.992686779697886e-07,0.0996
forward,trace140.csv,500000,0.19999963999999998,ok,,718.6011473730617,0.5872127772303304,0.001147373061712642,570.0,True,4.997730906897146e-07,0.3678
forward,trace141.csv,500000,0.19999963999999998,ok,,717.1969665816653,0.5802623318899083,-0.0030334183347804355,570.0,True,4.999054248333579e-07,0.0958
forward,trace142.csv,500000,0.19999963999999998,ok,,717.0236278985421,0.5786618590522973,0.003627898542163166,570.0,True,4.980884869693059e-07,0.2016
forward,trace143.csv,500000,0.19999963999999998,ok,,715.8054486176586,0.5800140655048067,-0.00455138234133301,570.0,True,4.995272813168583e-07,0.0008
forward,trace144.csv,500000,0.19999963999999998,ok,,715.4472893432859,0.5798897779729902,-0.002710656714157267,570.0,True,4.995272815389029e-07,0.4226
forward,trace145.csv,500000,0.19999963999999998,ok,,714.5235732243367,0.5868169829009895,0.0035732243367192495,570.0,True,4.99999975867027e-07,0.1396
forward,trace146.csv,500000,0.19999963999999998,ok,,713.6854410739764,0.5861229061802743,-0.004558926023605636,570.0,True,4.99415766130884e-07,0.0334
forward,trace147.csv,500000,0.19999963999999998,ok,,713.5803229583664,0.5793310194902669,0.0003229583663824087,570.0,True,4.994611450363784e-07,0.0302
forward,trace148.csv,500000,0.19999963999999998,ok,,712.5433553410069,0.584383206383439,0.0033553410069089296,568.0,True,4.995912905661481e-07,0.2354
forward,trace149.csv,500000,0.19999963999999998,ok,,712.0568555380553,0.5842487555300787,-0.0031444619446574507,568.0,True,4.999433151908761e-07,0.1914
forward,trace150.csv,500000,0.19999963999999998,ok,,711.1274704135601,0.5859319632120283,-0.002529586439891318,568.0,True,4.999702936103745e-07,0.0256
forward,trace151.csv,500000,0.19999963999999998,ok,,710.209311105484,0.5860453324156529,-0.0006888945160881121,566.0,True,4.999835259145158e-07,0.0066
forward,trace152.csv,500000,0.19999963999999998,ok,,709.2810026816577,0.5892149505365532,0.0010026816577237696,566.0,True,4.993270638353753e-07,0.023
forward,trace153.csv,500000,0.19999963999999998,ok,,708.3042266877158,0.5891058360849437,0.004226687715799926,566.0,True,4.982022174804257e-07,0.0664
forward,trace154.csv,500000,0.19999963999999998,ok,,707.9062970753768,0.5885100229495044,-0.0037029246232123114,566.0,True,4.972206707476445e-07,0.0076
forward,trace155.csv,500000,0.19999963999999998,ok,,706.3577962001436,0.5933880910100606,-0.002203799856374644,567.0,True,4.974831107062982e-07,0.033
forward,trace156.csv,500000,0.19999963999999998,ok,,705.5950122076991,0.5951116680016889,-0.004987792300880756,567.0,True,4.977084470808579e-07,0.1966
forward,trace157.csv,500000,0.19999963999999998,ok,,705.1987588743999,0.5893226751596123,-0.0012411256001314541,566.0,True,4.998108976694837e-07,0.0666
forward,trace158.csv,500000,0.19999963999999998,ok,,704.8397497215353,0.5945351545173833,-0.00025027846470493387,567.0,True,4.973445675293675e-07,0.0552
forward,trace159.csv,500000,0.19999963999999998,ok,,704.077804425678,0.5946346312610751,-0.0021955743220587465,566.0,True,4.997920566296443e-07,0.0244
forward,trace160.csv,500000,0.19999963999999998,ok,,703.5241498006949,0.5948980173212446,0.0041498006949041155,566.0,True,4.990763596279812e-07,0.0028
forward,trace161.csv,500000,0.19999963999999998,ok,,702.5604833196544,0.59551833093862,0.0004833196544495877,567.0,True,4.980147043642802e-07,0.0436
forward,trace162.csv,500000,0.19999963999999998,ok,,701.5081606934432,0.5937858115009926,-0.0018393065568034217,566.0,True,4.978256706866802e-07,0.1208
forward,trace163.csv,500000,0.19999963999999998,ok,,703.356056857092,0.6017747935014487,-0.003943142908042319,566.0,True,4.992116088842202e-07,0.0424
forward,trace164.csv,500000,0.19999963999999998,ok,,699.7359487390632,0.5953374854277886,-0.004051260936762446,568.0,True,4.999621750489958e-07,0.1042
forward,trace165.csv,500000,0.19999963999999998,ok,,698.3144216975218,0.5966758324230121,0.0044216975218205334,569.0,True,4.999432672292414e-07,0.005
forward,trace166.csv,500000,0.19999963999999998,ok,,697.3017038402207,0.5957022322080632,0.0017038402207845138,568.0,True,4.999716368969676e-07,0.0324
forward,trace167.csv,500000,0.19999963999999998,ok,,698.8329479301646,0.5980102251182567,0.002947930164509671,572.0,True,4.995840146015951e-07,0.0118
forward,trace168.csv,500000,0.19999963999999998,ok,,698.0401653728661,0.5989626282548192,0.00016537286614948243,570.0,True,4.993382956008929e-07,0.0122
forward,trace169.csv,500000,0.19999963999999998,ok,,697.5164763272884,0.5980147170972122,-0.0035236727115943722,568.0,True,4.971639434581121e-07,0.1228
forward,trace170.csv,500000,0.19999963999999998,ok,,695.9581256292125,0.5974788606232356,-0.0018743707875046312,568.0,True,4.985422556100239e-07,0.0302
forward,trace171.csv,500000,0.19999963999999998,ok,,694.7965554442437,0.5976076374072328,-0.0034445557562321483,568.0,True,4.996653408667617e-07,0.002
forward,trace172.csv,500000,0.19999963999999998,ok,,693.3396464363582,0.5956425817767966,-0.00035356364185190614,568.0,True,4.997163969289176e-07,0.0718
forward,trace173.csv,500000,0.19999963999999998,ok,,693.7377045696613,0.5946714404747444,-0.0022954303386768515,567.0,True,4.993382223261733e-07,0.0666
forward,trace174.csv,500000,0.19999963999999998,ok,,692.2890510288486,0.595876341401211,-0.0009489711513879229,568.0,True,4.999055112087092e-07,0.0056
forward,trace175.csv,500000,0.19999963999999998,ok,,691.2302714363349,0.5959215030232219,0.00027143633485593455,568.0,True,4.988372109132611e-07,0.0152
forward,trace176.csv,500000,0.19999963999999998,ok,,690.4999676754978,0.596133676492476,-3.232450217183214e-05,568.0,True,4.998865468786029e-07,0.111
forward,trace177.csv,500000,0.19999963999999998,ok,,689.4179546194265,0.6020444934433715,-0.0020453805734632624,568.0,True,4.995272940844231e-07,0.0136
forward,trace178.csv,500000,0.19999963999999998,ok,,688.8921876521304,0.6026483457472551,0.0021876521303738627,569.0,True,4.997163491893275e-07,0.0094
forward,trace179.csv,500000,0.19999963999999998,ok,,687.9961653933697,0.594423254412737,-0.003834606630334747,570.0,True,4.994139068958958e-07,0.0688
forward,trace180.csv,500000,0.19999963999999998,ok,,688.2487913485257,0.6022512582078188,-0.0012086514742577492,569.0,True,4.999055038812372e-07,0.0264
forward,trace181.csv,500000,0.19999963999999998,ok,,687.0474237348249,0.587717817187611,-0.002576265175093795,569.0,True,4.997164311237867e-07,0.1138
forward,trace182.csv,500000,0.19999963999999998,ok,,686.6983608714814,0.5933018192103138,-0.0016391285186045934,569.0,True,4.997352934799082e-07,0.0796
forward,trace183.csv,500000,0.19999963999999998,ok,,686.1917383166455,0.5947768063339182,0.001738316645401028,570.0,True,4.999621564527601e-07,0.0468
forward,trace184.csv,500000,0.19999963999999998,ok,,684.4008505840968,0.5957911201806754,0.0008505840968382472,570.0,True,4.997920063365413e-07,0.0556
forward,trace185.csv,500000,0.19999963999999998,ok,,683.7753749221984,0.5942261001280923,-0.004625077801620137,570.0,True,4.96691208384803e-07,0.0938
forward,trace186.csv,500000,0.19999963999999998,ok,,682.7429367876523,0.5943947318433486,0.0029367876522883307,570.0,True,4.997164203546234e-07,0.0344
forward,trace187.csv,500000,0.19999963999999998,ok,,682.3182909026432,0.603142591534935,-0.001709097356865641,570.0,True,4.961240771539366e-07,0.0386
forward,trace188.csv,500000,0.19999963999999998,ok,,681.2497723585768,0.5958734248473065,-0.00022764142318010272,570.0,True,4.98166034867964e-07,0.001
forward,trace189.csv,500000,0.19999963999999998,ok,,680.7310638088237,0.5944837296197375,0.0010638088236873955,570.0,True,4.993571676159547e-07,0.0006
forward,trace190.csv,500000,0.19999963999999998,ok,,680.0730177503788,0.5952179957917637,0.00301775037871721,570.0,True,4.991492164041489e-07,0.0488
forward,trace191.csv,500000,0.19999963999999998,ok,,679.1699337047279,0.5935056439148872,-6.629527206314378e-05,570.0,True,4.970693308070651e-07,0.0472
forward,trace192.csv,500000,0.19999963999999998,ok,,678.4610230996245,0.5941266572396806,0.001023099624489987,570.0,True,4.999055100984862e-07,0.0078
forward,trace193.csv,500000,0.19999963999999998,ok,,677.9301759178613,0.5963817504674972,0.00017591786138382304,570.0,True,4.997163979281183e-07,0.0106
forward,trace194.csv,500000,0.19999963999999998,ok,,677.3518448164791,0.5907123293313425,0.0018448164790925148,570.0,True,4.999054110665924e-07,0.1662
forward,trace195.csv,500000,0.19999963999999998,ok,,676.7429626381772,0.5909176824239643,0.002962638177223198,570.0,True,4.977689251894901e-07,0.104
forward,trace196.csv,500000,0.19999963999999998,ok,,675.9693373126736,0.596990714284826,-0.0006626873264394817,570.0,True,4.983929515756103e-07,0.0734
forward,trace197.csv,500000,0.19999963999999998,ok,,675.6932532235996,0.5976656549281689,0.0032532235995859082,569.0,True,4.992248178181669e-07,0.02
forward,trace198.csv,500000,0.19999963999999998,ok,,674.126414482205,0.5961547706311524,-0.0035855177950452344,569.0,True,4.98392941583603e-07,0.004
forward,trace199.csv,500000,0.19999963999999998,ok,,673.81256593591,0.5983227734639419,0.0025659359100700385,567.0,True,4.995272835373044e-07,0.0052
forward,trace200.csv,500000,0.19999963999999998,ok,,673.1027382633731,0.5897534129122065,0.0027382633730894668,564.0,True,4.985819137548475e-07,0.0756
forward,trace201.csv,500000,0.19999963999999998,ok,,671.684956790954,0.5913977397582284,0.00495679095399737,563.0,True,4.995272839813936e-07,0.0128
forward,trace202.csv,500000,0.19999963999999998,ok,,670.8906031815517,0.5897643997485343,0.0006031815516962524,557.0,True,4.999999627663954e-07,0.0018
forward,trace203.csv,500000,0.19999963999999998,ok,,670.1828061851439,0.5889284838391401,0.0028061851439815655,550.0,True,4.990168542828854e-07,0.0028
forward,trace204.csv,500000,0.19999963999999998,ok,,667.9810471712415,0.4558667161336217,0.0010471712414528156,548.0,True,4.990924450387624e-07,0.0228
forward,trace205.csv,500000,0.19999963999999998,ok,,667.6448891466785,0.45454466807579813,0.004889146678465295,554.0,True,4.999054221688226e-07,0.02
forward,trace206.csv,500000,0.19999963999999998,ok,,668.344448378306,0.45510717056209615,0.004448378305937695,554.0,True,4.983550892512234e-07,0.041
forward,trace207.csv,500000,0.19999963999999998,ok,,667.6343376660963,0.45498771207724414,0.004337666096262183,550.0,True,4.975042733335044e-07,0.0492
forward,trace208.csv,500000,0.19999963999999998,ok,,667.6343376660963,0.45498771207724414,0.004337666096262183,550.0,True,4.975042733335044e-07,0.0492
forward,trace209.csv,500000,0.49999899999999997,ok,,667.4470047264708,0.4540700980239323,-0.002995273529222686,1375.0,True,4.999999956289969e-07,0.0066
forward,trace210.csv,500000,0.49999899999999997,ok,,666.9638702866619,0.45211200563200105,0.0038702866618223197,1377.0,True,4.999999979049541e-07,0.004
forward,trace211.csv,500000,0.49999899999999997,ok,,666.9936319806559,0.4522372716674641,0.0036319806558822165,1371.0,True,4.990712121344387e-07,0.0638
forward,trace212.csv,500000,0.49999899999999997,ok,,666.8545405640184,0.4543231104588069,0.00454056401838443,1367.0,True,4.993808038478154e-07,0.0468
forward,trace213.csv,500000,0.49999899999999997,ok,,666.2043800013308,0.4540065361341311,0.004380001330787309,1373.0,True,4.999999979049541e-07,0.0448
forward,trace214.csv,500000,0.49999899999999997,ok,,665.8226386769816,0.4550030973813417,0.0026386769815189837,1369.0,True,4.996904000575952e-07,0.0314
forward,trace215.csv,500000,0.49999899999999997,ok,,665.568641083014,0.4539260480913209,-0.0013589169860779293,1377.0,True,4.996903977261269e-07,0.1994
forward,trace216.csv,500000,0.49999899999999997,ok,,665.0236392369428,0.45750124828918765,0.003639236942831303,1379.0,True,4.987616077922752e-07,0.0896
forward,trace217.csv,500000,0.49999899999999997,ok,,663.9056379145014,0.4534215124243423,-0.004362085498542001,1375.0,True,4.984520174389218e-07,0.036
forward,trace218.csv,500000,0.49999899999999997,ok,,663.0463521976959,0.45830664165686746,-0.0036478023040444896,1364.0,True,4.990712099139927e-07,0.0122
forward,trace219.csv,500000,0.49999899999999997,ok,,661.7999073781247,0.45384039996114645,-9.26218752965724e-05,1367.0,True,4.999999979049541e-07,0.0042
forward,trace220.csv,500000,0.49999899999999997,ok,,661.6709738474965,0.4580941407494676,0.0009738474965388377,1372.0,True,4.987616077922752e-07,0.0014
forward,trace221.csv,500000,0.49999899999999997,ok,,660.4475914165151,0.4588439633646388,-0.002408583484907467,1375.0,True,4.999999979049541e-07,0.1412
forward,trace222.csv,500000,0.49999899999999997,ok,,659.3678038667551,0.4629797769936424,-0.0021961332448654503,1369.0,True,4.984520236561707e-07,0.0648
forward,trace223.csv,500000,0.49999899999999997,ok,,659.2834422613853,0.4623900870419648,0.0034422613853166695,1367.0,True,4.999999979049541e-07,0.052
forward,trace224.csv,500000,0.49999899999999997,ok,,657.8840948892265,0.4630061009224285,0.004094889226507803,1345.0,True,4.996284826003228e-07,0.0146
forward,trace225.csv,500000,0.49999899999999997,ok,,656.2847004054436,0.4631659203487632,0.004700405443600175,1327.0,True,4.996284826003228e-07,0.002
forward,trace226.csv,500000,0.49999899999999997,ok,,655.0498314484781,0.46280492736868445,-0.00016855152182415623,1330.0,True,4.993808039588377e-07,0.1732
forward,trace227.csv,500000,0.49999899999999997,ok,,653.5838644443263,0.4630975027638637,0.0038644443262683126,1315.0,True,4.987616055718291e-07,0.109
forward,trace228.csv,500000,0.49999899999999997,ok,,652.3724716198503,0.4674677364471018,0.0024716198503256237,1290.0,True,4.996904040543981e-07,0.0442
forward,trace229.csv,500000,0.49999899999999997,ok,,650.2574591551202,0.47142445760859464,-0.0025408448798316385,1292.0,True,4.996284826003228e-07,0.0048
forward,trace230.csv,500000,0.49999899999999997,ok,,648.0097614066362,0.47025924740193076,-0.00023859336374698614,1278.0,True,4.996284826003228e-07,0.182
forward,trace231.csv,500000,0.49999899999999997,ok,,645.4026395747508,0.47067105885199567,0.0026395747507876877,1293.0,True,4.999999978494429e-07,0.0332
forward,trace232.csv,500000,0.49999899999999997,ok,,642.8965120258517,0.4711225812615188,-0.003487974148242756,1301.0,True,4.984520232120815e-07,0.0282
forward,trace233.csv,500000,0.49999899999999997,ok,,640.1350202408761,0.4755260621519011,-0.004979759123898475,1294.0,True,4.984520221018585e-07,0.0686
forward,trace234.csv,500000,0.49999899999999997,ok,,638.6917202616739,0.47503483497187493,0.0017202616738813958,1290.0,True,4.996284826003228e-07,0.1168
forward,trace235.csv,500000,0.49999899999999997,ok,,637.1145860887387,0.474178534244061,0.0045860887387334515,1282.0,True,4.984520236561707e-07,0.0334
forward,trace236.csv,500000,0.49999899999999997,ok,,636.1732958130693,0.47837934142970434,0.003295813069371434,1290.0,True,4.984520241002599e-07,0.0074
forward,trace237.csv,500000,0.49999899999999997,ok,,632.5636409822109,0.48075486401408846,0.003640982210981747,1295.0,True,4.999999961841084e-07,0.1172
forward,trace238.csv,500000,0.49999899999999997,ok,,627.7268603394806,0.48173159102553287,-0.0031396605194231597,1279.0,True,4.999999956289969e-07,0.0034
forward,trace239.csv,500000,0.49999899999999997,ok,,626.4503656000794,0.48955289264881696,0.00036560007936259353,1286.0,True,4.984520236561707e-07,0.077
forward,trace240.csv,500000,0.49999899999999997,ok,,623.9453971343177,0.4899385294941013,-0.004602865682386437,1278.0,True,4.996904061638219e-07,0.0068
forward,trace241.csv,500000,0.49999899999999997,ok,,621.5053535359293,0.48971212038348344,-0.004646464070674483,1289.0,True,4.984520223239031e-07,0.1606
forward,trace242.csv,500000,0.49999899999999997,ok,,616.8463163670199,0.4954808657242784,-0.003683632980141738,1289.0,True,4.999999979049541e-07,0.2002
forward,trace243.csv,500000,0.49999899999999997,ok,,613.8182002679448,0.49982393249960605,-0.00179973205524675,1296.0,True,4.984520223239031e-07,0.0384
forward,trace244.csv,500000,0.49999899999999997,ok,,610.3172389141506,0.5007741565156463,-0.0027610858494426793,1287.0,True,4.996903975040823e-07,0.139
forward,trace245.csv,500000,0.49999899999999997,ok,,606.8113098510139,0.5058094677937524,0.0013098510139570863,1288.0,True,4.992321982512371e-07,0.0166
forward,trace246.csv,500000,0.49999899999999997,ok,,602.8343048460472,0.5060019882365764,0.004304846047148203,1291.0,True,4.984520227679923e-07,0.1094
forward,trace247.csv,500000,0.49999899999999997,ok,,601.278522062278,0.5109555037235473,-0.00147793772202931,1296.0,True,4.999999979049541e-07,0.0454
forward,trace248.csv,500000,0.49999899999999997,ok,,597.8403355752425,0.5119346147041294,0.0003355752425022729,1289.0,True,4.996284826003228e-07,0.0858
forward,trace249.csv,500000,0.49999899999999997,ok,,594.4065908951991,0.5184924347903123,-0.0034091048008804137,1302.0,True,4.996284826003228e-07,0.0602
forward,trace250.csv,500000,0.49999899999999997,ok,,591.3197542806934,0.5161588147506505,-0.0002457193066902619,1308.0,True,4.9845202121368e-07,0.039
forward,trace251.csv,500000,0.49999899999999997,ok,,589.5561060904756,0.5233642744934631,-0.0038939095243222255,1305.0,True,4.984520223239031e-07,0.0098
forward,trace252.csv,500000,0.49999899999999997,ok,,587.2534931808729,0.5240848748264387,0.0034931808728515534,1303.0,True,4.987616055718291e-07,0.091
forward,trace253.csv,500000,0.49999899999999997,ok,,584.1146813093469,0.5301136808891693,0.004681309346892704,1303.0,True,4.984520198814124e-07,0.0102
forward,trace254.csv,500000,0.49999899999999997,ok,,582.0639506692551,0.5301404942502254,0.003950669255118555,1310.0,True,4.996284826003228e-07,0.177
forward,trace255.csv,500000,0.49999899999999997,ok,,579.5980127858528,0.5305703674976677,-0.001987214147220584,1305.0,True,4.993808060127503e-07,0.0688
forward,trace256.csv,500000,0.49999899999999997,ok,,577.0966769868185,0.5319354896863151,-0.003323013181557144,1305.0,True,4.984520223239031e-07,0.0076
forward,trace257.csv,500000,0.49999899999999997,ok,,575.4702084289758,0.536578758294606,0.00020842897572492802,1300.0,True,4.984520196593678e-07,0.1224
forward,trace258.csv,500000,0.49999899999999997,ok,,571.8874570956153,0.5427338058898059,-0.002542904384654321,1320.0,True,4.996284826003228e-07,0.0198
forward,trace259.csv,500000,0.49999899999999997,ok,,569.3153062832699,0.5442696690983495,-0.004693716730116648,1331.0,True,4.9845202121368e-07,0.1606
forward,trace260.csv,500000,0.49999899999999997,ok,,567.5867917224596,0.5407402019513692,-0.0032082775404660424,1342.0,True,4.984520223239031e-07,0.1292
forward,trace261.csv,500000,0.49999899999999997,ok,,563.9483790216768,0.547245631940638,-0.0016209783232170594,1335.0,True,4.987616055718291e-07,0.0176
forward,trace262.csv,500000,0.49999899999999997,ok,,562.2398504353467,0.5553543732529804,-0.00014956465327031765,1325.0,True,4.984520205475462e-07,0.0018
forward,trace263.csv,500000,0.49999899999999997,ok,,559.9829897732699,0.5555789368810558,0.002989773269860052,1328.0,True,4.984520223239031e-07,0.1626
forward,trace264.csv,500000,0.49999899999999997,ok,,559.0763372980131,0.5546781981235928,-0.0036627019869683863,1325.0,True,4.984520214357246e-07,0.0866
forward,trace265.csv,500000,0.49999899999999997,ok,,557.8906872290789,0.5551693847499153,0.0006872290789488034,1319.0,True,4.984520218798139e-07,0.0184
forward,trace266.csv,500000,0.49999899999999997,ok,,555.989867252093,0.552881286344421,-0.00013274790705963824,1318.0,True,4.984520218798139e-07,0.193
forward,trace267.csv,500000,0.49999899999999997,ok,,554.4510119957807,0.5541429823413652,0.0010119957806864477,1314.0,True,4.9845202121368e-07,0.1082
forward,trace268.csv,500000,0.49999899999999997,ok,,553.3756134680485,0.5547256695937501,-0.004386531951467987,1301.0,True,4.987616055718291e-07,0.0928
forward,trace269.csv,500000,0.49999899999999997,ok,,551.1993548617597,0.5615814195310974,-0.0006451382403156458,1319.0,True,4.993808038478154e-07,0.0438
forward,trace270.csv,500000,0.49999899999999997,ok,,549.3383029792515,0.5688640703966517,-0.001697020748565592,1300.0,True,4.996284826003228e-07,0.0904
forward,trace271.csv,500000,0.49999899999999997,ok,,546.3875861755768,0.5677180323446188,-0.0024138244232290162,1318.0,True,4.996284826003228e-07,0.1686
forward,trace272.csv,500000,0.49999899999999997,ok,,544.1314424786498,0.5685340066660177,0.0014424786497784226,1313.0,True,4.996284826003228e-07,0.0762
forward,trace273.csv,500000,0.49999899999999997,ok,,541.6777325482398,0.570003182385711,-0.0022674517601899424,1312.0,True,4.999999956289969e-07,0.0938
forward,trace274.csv,500000,0.49999899999999997,ok,,540.5801146460858,0.5683639839779606,0.00011464608576261526,1299.0,True,4.987616055718291e-07,0.0106
forward,trace275.csv,500000,0.49999899999999997,ok,,540.8027527917385,0.5747746473868135,0.002752791738544147,1282.0,True,4.987616055718291e-07,0.015
forward,trace276.csv,500000,0.49999899999999997,ok,,538.9209091709029,0.5744928599196939,0.0009091709029007689,1300.0,True,4.987616077922752e-07,0.183
forward,trace277.csv,500000,0.49999899999999997,ok,,536.7095597687396,0.5784337910426806,-0.00044023126042702643,1322.0,True,4.993808060127503e-07,0.0724
forward,trace278.csv,500000,0.49999899999999997,ok,,535.4635321988205,0.5821191799486269,0.003532198820494159,1335.0,True,4.99380801710636e-07,0.1578
forward,trace279.csv,500000,0.49999899999999997,ok,,534.0572045095705,0.5825895612634997,-0.0027954904294347216,1323.0,True,4.9845202121368e-07,0.1104
forward,trace280.csv,500000,0.49999899999999997,ok,,533.3056554132294,0.5840586448953939,-0.004344586770571368,1325.0,True,4.984520198814124e-07,0.0838
forward,trace281.csv,500000,0.49999899999999997,ok,,532.326553904522,0.5818945100668418,-0.003446095478011557,1332.0,True,4.987616077922752e-07,0.0516
forward,trace282.csv,500000,0.49999899999999997,ok,,530.5542488654905,0.5737092647793877,0.004248865490581011,1358.0,True,4.984520198814124e-07,0.0158
forward,trace283.csv,500000,0.49999899999999997,ok,,529.4494567817696,0.5822624184145079,-0.0005432182304048183,1403.0,True,4.995475029190288e-07,0.246
forward,trace284.csv,500000,0.49999899999999997,ok,,530.3118154053657,0.5803973405652976,0.0018154053657326585,1433.0,True,4.99547514354326e-07,0.3872
forward,trace285.csv,500000,0.49999899999999997,ok,,529.1878708782415,0.5830237521810002,-0.002129121758571273,1362.0,True,4.98642523494297e-07,0.167
forward,trace286.csv,500000,0.49999899999999997,ok,,526.2549017764302,0.5829056459964372,0.004901776430187965,1300.0,True,4.99690403998887e-07,0.0268
forward,trace287.csv,500000,0.49999899999999997,ok,,524.7220397090605,0.5824152739867143,0.0020397090604546975,1303.0,True,4.984520067807807e-07,0.0074
forward,trace288.csv,500000,0.49999899999999997,ok,,521.8039327763153,0.588609575168503,0.0039327763153096384,1291.0,True,4.996904061638219e-07,0.1132
forward,trace289.csv,500000,0.49999899999999997,ok,,518.386585510619,0.5974546812149719,-0.0034144893809298082,1289.0,True,4.984520207695908e-07,0.0754
forward,trace290.csv,500000,0.49999899999999997,ok,,515.7290684276447,0.5957665410515585,-0.0009315723552845157,1301.0,True,4.99380801710636e-07,0.0034
forward,trace291.csv,500000,0.49999899999999997,ok,,514.5423447574886,0.5967781742494823,0.0023447574886859,1289.0,True,4.984520196593678e-07,0.2228
forward,trace292.csv,500000,0.49999899999999997,ok,,513.3830167119573,0.5982519387100699,0.003016711957343432,1278.0,True,4.984520205475462e-07,0.1538
forward,trace293.csv,500000,0.49999899999999997,ok,,512.5146557480916,0.6049781233227615,0.004655748091636269,1293.0,True,4.9845202121368e-07,0.089
forward,trace294.csv,500000,0.49999899999999997,ok,,510.57834200616736,0.6038925434272646,-0.0016579938326231058,1302.0,True,4.993808082609519e-07,0.0494
forward,trace295.csv,500000,0.49999899999999997,ok,,508.9904974938046,0.6034713189453408,0.0004974938045734234,1324.0,True,4.984520203255016e-07,0.0112
forward,trace296.csv,500000,0.49999899999999997,ok,,507.54722631589124,0.6041182168863116,-0.0027736841087744324,1286.0,True,4.996904018061965e-07,0.0028
forward,trace297.csv,500000,0.49999899999999997,ok,,506.0749850210693,0.6127698499719108,0.004985021069330742,1309.0,True,4.987616055718291e-07,0.0002
forward,trace298.csv,500000,0.49999899999999997,ok,,505.01642201122405,0.6150997839540701,-0.0035779887759304074,1303.0,True,4.99071210025015e-07,0.1312
forward,trace299.csv,500000,0.49999899999999997,ok,,503.2516038335493,0.6134187085467674,0.0016038335493249178,1325.0,True,4.99690403013564e-07,0.0598
forward,trace300.csv,500000,0.49999899999999997,ok,,501.68332299064383,0.6121791644582657,0.0033229906438236867,1284.0,True,4.987616120111227e-07,0.0182
forward,trace301.csv,500000,0.49999899999999997,ok,,500.62345508924307,0.6124085202132092,0.003455089243061593,1281.0,True,4.984520205475462e-07,0.0046
forward,trace302.csv,500000,0.49999899999999997,ok,,499.00444248578236,0.6223627726597968,0.004442485782362837,1302.0,True,4.990712092478589e-07,0.3068
forward,trace303.csv,500000,0.49999899999999997,ok,,495.125603649169,0.6203342532070703,-0.004396350830973006,1299.0,True,4.98452020103457e-07,0.04
forward,trace304.csv,500000,0.49999899999999997,ok,,492.6417951412399,0.6218561406740607,0.0017951412399384026,1260.0,True,4.996284826003228e-07,0.0028
forward,trace305.csv,500000,0.49999899999999997,ok,,492.7046124817697,0.6229495389895567,0.004612481769697752,1254.0,True,4.984520203255016e-07,0.002
forward,trace306.csv,500000,0.49999899999999997,ok,,492.9345525194175,0.634468507543365,0.004552519417472922,1190.0,True,4.984520070028253e-07,0.073
forward,trace307.csv,500000,0.49999899999999997,ok,,491.5799179830288,0.6226143644726642,-8.201697119147866e-05,1268.0,True,4.996284826003228e-07,0.0014
forward,trace308.csv,500000,0.49999899999999997,ok,,489.62398063034055,1.3021237078172,0.003980630340549851,1137.0,True,4.995096185567149e-07,0.906
forward,trace309.csv,500000,0.49999899999999997,ok,,490.6157705434847,0.628875101516117,-0.004229456515304264,1271.0,True,4.984520205475462e-07,0.1262
forward,trace310.csv,500000,0.49999899999999997,ok,,489.9806674154651,0.6301597490683428,0.0006674154651022945,1285.0,True,4.987616055718291e-07,0.0002
forward,trace311.csv,500000,0.49999899999999997,ok,,488.06537772790443,0.630892180215126,-0.004622272095559765,1273.0,True,4.98452018993234e-07,0.1314
forward,trace312.csv,500000,0.49999899999999997,ok,,486.7561335702464,0.6306829485887473,-0.003866429753600187,1285.0,True,4.984520198814124e-07,0.0468
forward,trace313.csv,500000,0.49999899999999997,ok,,484.3673812437274,0.6291495558777518,-0.002618756272624978,1284.0,True,4.999999979049541e-07,0.0046
forward,trace314.csv,500000,0.49999899999999997,ok,,481.54192440895076,0.6376978581858295,0.0019244089507424178,1286.0,True,4.990712081098803e-07,0.0962
forward,trace315.csv,500000,0.49999899999999997,ok,,478.2815522118478,0.6380986788914944,0.0015522118478088487,1298.0,True,4.98452020103457e-07,0.0524
forward,trace316.csv,500000,0.49999899999999997,ok,,476.3547562483989,0.6455534202609917,0.004756248398905427,1277.0,True,4.984520187711894e-07,0.0098
forward,trace317.csv,500000,0.49999899999999997,ok,,473.55274219525745,0.6559509143973767,0.0027421952574400166,1273.0,True,4.984520196593678e-07,0.2182
forward,trace318.csv,500000,0.49999899999999997,ok,,471.7151672137075,0.6561699433989391,-0.0048327862925248155,1271.0,True,4.993808060682614e-07,0.072
forward,trace319.csv,500000,0.49999899999999997,ok,,470.3144836399674,0.6574850631315983,0.004483639967418185,1276.0,True,4.98452020103457e-07,0.0466
forward,trace320.csv,500000,0.49999899999999997,ok,,468.4281555956875,0.6562062377620316,-0.0018444043125214193,1263.0,True,4.98452020103457e-07,0.0086
forward,trace321.csv,500000,0.49999899999999997,ok,,467.2197690581394,0.6562925320569365,-0.00023094186065009126,1264.0,True,4.98452020103457e-07,0.002
forward,trace322.csv,500000,0.49999899999999997,ok,,465.07821381076354,0.6586659324713277,-0.001786189236440805,1269.0,True,4.98452020103457e-07,0.2258
forward,trace323.csv,500000,0.49999899999999997,ok,,463.9105693102681,0.6669447286233946,0.000569310268076606,1259.0,True,4.98452020103457e-07,0.1048
forward,trace324.csv,500000,0.49999899999999997,ok,,463.8473440204824,0.6669216034314567,-0.00265597951761265,1320.0,True,4.984520194373232e-07,0.0642
forward,trace325.csv,500000,0.49999899999999997,ok,,461.24529280151563,0.6663190533661381,-0.004707198484368291,1271.0,True,4.984520198814124e-07,0.053
forward,trace326.csv,500000,0.49999899999999997,ok,,459.2083037020159,0.6766910056464444,-0.0016962979840968728,1274.0,True,4.990712120234164e-07,0.02
forward,trace327.csv,500000,0.49999899999999997,ok,,457.8257903270986,0.6745541401956634,-0.004209672901367867,1251.0,True,4.980097392248695e-07,0.1354
forward,trace328.csv,500000,0.49999899999999997,ok,,456.5887878654476,0.6755523281156072,-0.0012121345523610216,1235.0,True,4.988942852168776e-07,0.0648
forward,trace329.csv,500000,0.49999899999999997,ok,,455.6332714994217,0.6733895353194234,0.003271499421714452,1252.0,True,4.996904056642215e-07,0.0242
forward,trace330.csv,500000,0.49999899999999997,ok,,466.88140150718056,0.4601239435728487,0.001401507180560202,1312.0,True,4.987616074592083e-07,0.074
forward,trace331.csv,500000,0.49999899999999997,ok,,465.9846563208138,0.46044950518897654,0.004656320813808179,1262.0,True,4.993365860794796e-07,0.0096
forward,trace332.csv,500000,0.49999899999999997,ok,,464.5481287409457,0.460687419939855,-0.0018712590543259466,1268.0,True,4.997788691785132e-07,0.0008
forward,trace333.csv,500000,0.49999899999999997,ok,,459.0854887967849,0.4672479747511782,-0.004511203215088244,1249.0,True,4.988943049788475e-07,0.083
forward,trace334.csv,500000,0.49999899999999997,ok,,460.66173984333136,0.4683208876857254,0.0017398433313360329,1258.0,True,4.984520225459477e-07,0.0146
forward,trace335.csv,500000,0.49999899999999997,ok,,458.78751065139653,0.4685695358670575,-0.002489348603489816,1253.0,True,4.995577157496101e-07,0.0314
forward,trace336.csv,500000,0.49999899999999997,ok,,457.0581032000784,0.46848957305910455,-0.0018967999216101816,1237.0,True,4.993365683159112e-07,0.0832
forward,trace337.csv,500000,0.49999899999999997,ok,,456.5919938505289,0.4684515521328655,0.001993850528947405,1215.0,True,4.995134879060004e-07,0.034
forward,trace338.csv,500000,0.49999899999999997,ok,,455.02266061809854,0.47885971697103225,0.002660618098559553,1212.0,True,4.999071203312666e-07,0.009
forward,trace339.csv,500000,0.49999899999999997,ok,,454.3866210180983,0.4765032528705259,-0.0033789819016760703,1193.0,True,4.984520025619332e-07,0.0374
forward,trace340.csv,500000,0.49999899999999997,ok,,452.65554484499444,0.47790034056988656,-0.00445515500558713,1179.0,True,4.995096205551164e-07,0.0058
forward,trace341.csv,500000,0.49999899999999997,ok,,449.59556332819096,0.4781040124507061,-0.004436671809060044,1179.0,True,4.992255635792586e-07,0.0116
forward,trace342.csv,500000,0.49999899999999997,ok,,450.1958124586622,0.47720735539384307,-0.0041875413377852055,1170.0,True,4.995096649640374e-07,0.0026
forward,trace343.csv,500000,0.49999899999999997,ok,,448.4352541630946,0.47808320113245667,-0.004745836905385659,1158.0,True,4.996077200281057e-07,0.1566
forward,trace344.csv,500000,0.49999899999999997,ok,,448.85579928327,0.4819779782602917,-0.0042007167299971115,1164.0,True,4.998365246144942e-07,0.0768
forward,trace345.csv,500000,0.49999899999999997,ok,,446.50437843417575,0.4868855378555436,0.00437843417574868,1182.0,True,4.991596679326804e-07,0.1038
forward,trace346.csv,500000,0.49999899999999997,ok,,445.49538895757587,0.4858072833260419,-0.004611042424130574,1173.0,True,4.984520214357246e-07,0.0552
forward,trace347.csv,500000,0.49999899999999997,ok,,443.700249080748,0.49052683064220604,0.00024908074800578106,1180.0,True,4.989385286036097e-07,0.0032
forward,trace348.csv,500000,0.49999899999999997,ok,,442.71952914464333,0.49160738624144756,-0.00047085535669566525,1177.0,True,4.998673095446549e-07,0.0908
forward,trace349.csv,500000,0.49999899999999997,ok,,442.38932714141464,0.4902942155421842,-0.0006728585853466029,1189.0,True,4.993365687600004e-07,0.0844
forward,trace350.csv,500000,0.49999899999999997,ok,,440.1479407673885,0.49504114582344905,-0.00205923261148655,1173.0,True,4.998365643604785e-07,0.0512
forward,trace351.csv,500000,0.49999899999999997,ok,,438.9422873399305,0.49427314476508977,0.0022873399304899067,1187.0,True,4.997788671801118e-07,0.0118
forward,trace352.csv,500000,0.49999899999999997,ok,,437.56852819396204,0.5001647821387818,-0.001471806037955048,1169.0,True,4.984520214357246e-07,0.1758
forward,trace353.csv,500000,0.49999899999999997,ok,,435.70985053695915,0.4992123546969147,-0.00014946304082741335,1178.0,True,4.993365674277328e-07,0.0554
forward,trace354.csv,500000,0.49999899999999997,ok,,433.52363789270413,0.49935339070421614,0.003637892704148271,1172.0,True,4.99778851859034e-07,0.0128
forward,trace355.csv,500000,0.49999899999999997,ok,,432.754095523962,0.49953316621916555,0.004095523962007519,1219.0,True,4.988942881034575e-07,0.0008
forward,trace356.csv,500000,0.49999899999999997,ok,,432.27654122252073,0.4998250217932085,-0.003458777479238506,1205.0,True,4.993365843031228e-07,0.0868
forward,trace357.csv,500000,0.49999899999999997,ok,,429.4977302947807,0.5097029375266814,-0.0022697052193052514,1147.0,True,4.984520214357246e-07,0.0086
forward,trace358.csv,500000,0.49999899999999997,ok,,427.39075176069355,0.5093614604440391,0.0007517606935607546,1115.0,True,4.997384625005097e-07,0.1408
forward,trace359.csv,500000,0.49999899999999997,ok,,423.40626391162544,0.5115169007296607,-0.003736088374580504,1089.0,True,4.993788868534743e-07,0.0918
forward,trace360.csv,500000,0.49999899999999997,ok,,420.85309533667674,0.5197603162281939,0.003095336676722127,1059.0,True,4.996273254564976e-07,0.0052
forward,trace361.csv,500000,0.49999899999999997,ok,,418.80176750254043,0.5198514739181108,0.0017675025404173539,1109.0,True,4.99130420328342e-07,0.0902
forward,trace362.csv,500000,0.49999899999999997,ok,,415.6006584950823,0.5216696397656262,0.0006584950822912106,1157.0,True,4.998365294994755e-07,0.0226
forward,trace363.csv,500000,0.49999899999999997,ok,,412.7777538439434,0.5309763086343161,-0.0022461560565716354,1070.0,True,4.993788997875725e-07,0.0626
forward,trace364.csv,500000,0.49999899999999997,ok,,408.97758317441065,0.5315503275888536,-0.00241682558936418,1077.0,True,4.985093142451102e-07,0.1572
forward,trace365.csv,500000,0.49999899999999997,ok,,405.89447615642615,0.5425221681315171,0.0044761564261648346,1039.0,True,4.997515559712618e-07,0.012
forward,trace366.csv,500000,0.49999899999999997,ok,,400.8917921685417,0.5470270194095328,0.0017921685417263689,978.0,True,4.997101463732889e-07,0.011
forward,trace367.csv,500000,0.49999899999999997,ok,,399.98867386851265,0.5416509267450382,-0.0013261314873602714,974.0,True,4.994202904562428e-07,0.0998
forward,trace368.csv,500000,0.49999899999999997,ok,,397.4801096386883,0.5537001197016674,0.00010963868828639534,974.0,True,4.998840577863373e-07,0.0186
forward,trace369.csv,500000,0.49999899999999997,ok,,394.4679489179816,0.5537611517403657,-0.0020510820184540535,930.0,True,4.980850242322643e-07,0.0794
forward,trace370.csv,500000,0.49999899999999997,ok,,391.43250408406334,0.5656656632324545,0.002504084063332357,883.0,True,4.997101434867091e-07,0.003
forward,trace371.csv,500000,0.49999899999999997,ok,,387.97685071419954,0.5664080893732356,-0.0031492858004753543,870.0,True,4.996168807558377e-07,0.0416
forward,trace372.csv,500000,0.49999899999999997,ok,,386.8442556013774,0.5726441857944427,0.004255601377451512,777.0,True,4.992337324649654e-07,0.0122
forward,trace373.csv,500000,0.49999899999999997,ok,,386.4009340548428,0.5712519170688518,0.0009340548428440343,755.0,True,4.996168545268187e-07,0.0036
forward,trace374.csv,500000,0.49999899999999997,ok,,384.94946743987487,0.5692381701973702,-0.0005325601251229273,792.0,True,4.999999936861066e-07,0.0398
forward,trace375.csv,500000,0.49999899999999997,ok,,383.02883261554604,0.576826912727477,-0.001167384453935938,825.0,True,4.995632206239442e-07,0.018
forward,trace376.csv,500000,0.49999899999999997,ok,,380.79273809057935,0.5783973730170391,0.0027380905793279453,781.0,True,4.999097779206929e-07,0.0008
forward,trace377.csv,500000,0.49999899999999997,ok,,378.0072158727295,0.5903829772623121,-0.0027841272705018127,844.0,True,4.997472187184826e-07,0.0116
forward,trace378.csv,500000,0.49999899999999997,ok,,377.5950090578902,0.5913616057110369,-0.004990942109827756,861.0,True,4.996662792411399e-07,0.273
forward,trace379.csv,500000,0.49999899999999997,ok,,375.78936293330673,0.5946061468751149,-0.0006370666932866698,804.0,True,4.998887613294478e-07,0.2
forward,trace380.csv,500000,0.49999899999999997,ok,,374.09691344045723,0.5926302275078066,-0.0030865595427940207,832.0,True,4.996910387689013e-07,0.0492
forward,trace381.csv,500000,0.49999899999999997,ok,,373.3685338710496,0.5944372051298531,-0.0014661289504260822,828.0,True,4.990977680863207e-07,0.0152
forward,trace382.csv,500000,0.49999899999999997,ok,,371.6811397301116,0.6009225745723803,0.0011397301116176095,819.0,True,4.9857864414804e-07,0.0012
forward,trace383.csv,500000,0.49999899999999997,ok,,370.13597479342957,0.6010855585540267,-0.0040252065704180495,805.0,True,4.998393203226037e-07,0.1096
forward,trace384.csv,500000,0.49999899999999997,ok,,369.29411751895816,0.6014883406400894,0.004117518958139499,821.0,True,4.99962924213615e-07,0.0204
forward,trace385.csv,500000,0.49999899999999997,ok,,367.02433069565694,0.6060820103502714,0.00433069565696087,781.0,True,4.990322567538508e-07,0.0004
forward,trace386.csv,500000,0.49999899999999997,ok,,364.0205127068353,0.6067981709053262,0.0005127068353090181,868.0,True,4.999999961285972e-07,0.22
forward,trace387.csv,500000,0.49999899999999997,ok,,362.7858528329075,0.6081021225968345,-0.0041471670925261606,751.0,True,4.997471683143573e-07,0.0034
forward,trace388.csv,500000,0.49999899999999997,ok,,360.7783317580639,0.6160234678561718,-0.0016682419360449785,747.0,True,4.998887736529234e-07,0.1826
forward,trace389.csv,500000,0.49999899999999997,ok,,358.92853908853493,0.6170008838723368,-0.0014609114650738775,751.0,True,4.997168476239544e-07,0.0322
forward,trace390.csv,500000,0.49999899999999997,ok,,357.1194900980492,0.6243623237382424,-0.0005099019508065794,752.0,True,4.991404345400241e-07,0.0608
forward,trace391.csv,500000,0.49999899999999997,ok,,354.3364297450526,0.6243113348794298,-0.0035702549473626277,785.0,True,4.99539163700824e-07,0.0726
forward,trace392.csv,500000,0.49999899999999997,ok,,352.70054440153297,0.6272517999755481,0.0005444015329771901,787.0,True,4.998483398299669e-07,0.1086
forward,trace393.csv,500000,0.49999899999999997,ok,,350.07438242419545,0.6373700399669127,0.0043824241954553145,796.0,True,4.999999929644616e-07,0.2924
forward,trace394.csv,500000,0.49999899999999997,ok,,348.6894078910371,0.6371141300185664,-0.0005921089629055132,786.0,True,4.983314556561425e-07,0.0362
forward,trace395.csv,500000,0.49999899999999997,ok,,347.0733222373572,0.6393662436552708,0.003322237357224367,780.0,True,4.99874321935323e-07,0.0126
forward,trace396.csv,500000,0.49999899999999997,ok,,345.5962149942632,0.6407774756519072,-0.0037850057368018497,772.0,True,4.996229410192399e-07,0.0014
forward,trace397.csv,500000,0.49999899999999997,ok,,343.0550630936386,0.6604637343388625,-0.004936906361422189,703.0,True,4.997775154835793e-07,0.0484
forward,trace398.csv,500000,0.49999899999999997,ok,,340.38200486997016,0.6621200763816221,0.002004869970164691,694.0,True,4.995955191211543e-07,0.006
forward,trace399.csv,500000,0.49999899999999997,ok,,338.6012248818192,0.6794485948586365,0.0012248818191551436,728.0,True,4.955607104673021e-07,0.041
forward,trace400.csv,500000,0.49999899999999997,ok,,334.08024392784404,0.787986384876528,0.00024392784405335988,694.0,True,4.99896806477329e-07,0.0256
forward,trace401.csv,500000,0.49999899999999997,ok,,331.5059160992764,0.8080256942486272,-0.004083900723571787,687.0,True,4.998960495966598e-07,0.0978
forward,trace402.csv,500000,0.49999899999999997,ok,,327.82818538484753,0.8105074832706474,-0.001814615152454735,701.0,True,4.998960495966598e-07,0.0006
forward,trace403.csv,500000,0.49999899999999997,ok,,327.9074600661331,1.004406362259273,-0.0025399338668989913,758.0,True,4.998743160233854e-07,1.0156
forward,trace404.csv,500000,0.49999899999999997,ok,,317.7183283160363,1.0091995350391494,-0.0016716839637069825,727.0,True,4.986942766793678e-07,0.3326
forward,trace405.csv,500000,0.49999899999999997,ok,,314.7131673239351,0.9546889205947368,0.00316732393514485,705.0,True,4.999227829483033e-07,0.2574
forward,trace406.csv,500000,0.49999899999999997,ok,,314.0350031208081,0.3234601268089129,-0.004996879191935477,1407.0,True,4.984519810236065e-07,0.562
forward,trace407.csv,500000,0.49999899999999997,ok,,290.39010457321046,0.32431623381990904,0.0001045732104785202,1410.0,True,4.984520449724528e-07,0.9902
forward,trace408.csv,500000,0.49999899999999997,ok,,274.3524692649319,0.3243636782902662,0.002469264931903581,1411.0,True,4.984520449724528e-07,1.5254
forward,trace409.csv,500000,0.49999899999999997,ok,,249.4532577315907,0.32293547165379966,0.0032577315907076354,1413.0,True,4.984520449724528e-07,1.347
forward,trace410.csv,500000,0.49999899999999997,ok,,220.33494089866858,0.3256276003835999,0.0049408986685648415,1415.0,True,4.984520449724528e-07,0.001
forward,trace411.csv,500000,0.49999899999999997,ok,,190.97305885149797,0.32379708738980395,0.0030588514979683623,1418.0,True,4.984520449724528e-07,0.0064
forward,trace412.csv,500000,0.49999899999999997,ok,,172.17180861214118,0.32479581085064424,0.0018086121411897693,1419.0,True,4.984520449724528e-07,0.0144
forward,trace413.csv,500000,0.49999899999999997,ok,,148.92291999214547,0.3236319886010245,0.002919992145479,1420.0,True,4.98451981911785e-07,0.0368
forward,trace414.csv,500000,0.49999899999999997,ok,,121.48247999261321,0.32395872614038085,0.002479992613203308,1422.0,True,4.98451981911785e-07,0.0934
forward,trace415.csv,500000,0.49999899999999997,ok,,91.89210104752036,0.32417133155535616,0.002101047520355337,1424.0,True,4.98451981911785e-07,0.209
forward,trace416.csv,500000,0.49999899999999997,ok,,62.13360912436079,0.32799160268381666,0.0036091243607856427,1426.0,True,4.98451981911785e-07,0.4788
forward,trace417.csv,500000,0.49999899999999997,ok,,37.411665930840854,0.3275229955763638,0.0016659308408577544,1427.0,True,4.98451981911785e-07,0.53
forward,trace418.csv,500000,0.49999899999999997,ok,,3.6623537820168406,0.3325989192571939,0.0023537820168404444,1429.0,True,4.984520440842743e-07,1.2298
back,trace1.csv,500000,0.49999899999999997,ok,,2.6959414259115375,0.33028987498578677,-0.004058574088462663,1428.0,True,4.984520440842743e-07,1.1856
back,trace2.csv,500000,0.49999899999999997,ok,,36.61211001803947,0.32847887906625833,0.002110018039473971,1426.0,True,4.984520431960959e-07,0.5652
back,trace3.csv,500000,0.49999899999999997,ok,,66.61815530259344,0.32750545607152465,-0.0018446974065682298,1424.0,True,4.98451981911785e-07,0.2376
back,trace4.csv,500000,0.49999899999999997,ok,,101.12675735987789,0.326147887597038,-0.003242640122110174,1421.0,True,4.98451981911785e-07,0.101
back,trace5.csv,500000,0.49999899999999997,ok,,133.3744541950004,0.3238492776524914,0.004454195000391792,1419.0,True,4.953560051035311e-07,0.0358
back,trace6.csv,500000,0.49999899999999997,ok,,170.6137823445369,0.32528319121542637,0.0037823445368871944,1416.0,True,4.984520449724528e-07,0.0072
back,trace7.csv,500000,0.49999899999999997,ok,,200.96249784773516,0.32441591186656543,0.0024978477351567108,1414.0,True,4.984520449724528e-07,0.0028
back,trace8.csv,500000,0.49999899999999997,ok,,229.246237756506,0.324189363074557,-0.003762243494008999,1411.0,True,4.984520449724528e-07,0.0002
back,trace9.csv,500000,0.49999899999999997,ok,,250.50647532367918,0.3245843869589777,-0.0035246763208078846,1410.0,True,4.984520449724528e-07,1.9932
back,trace10.csv,500000,0.49999899999999997,ok,,277.793512481891,0.32473043437652266,0.003512481890993513,1407.0,True,4.984520449724528e-07,1.2264
back,trace11.csv,500000,0.49999899999999997,ok,,319.4590124561258,0.32397570570996403,-0.0009875438742028564,1403.0,True,4.984519810236065e-07,0.4272
back,trace12.csv,500000,0.49999899999999997,ok,,356.14116840202104,0.3278225224145877,0.0011684020210509516,1399.0,True,4.984519810236065e-07,0.0936
back,trace13.csv,500000,0.49999899999999997,ok,,395.54550118252115,0.3330602725046458,-0.004498817478861383,1394.0,True,4.953560051035311e-07,0.0158
back,trace14.csv,500000,0.49999899999999997,ok,,433.91240024653297,0.33539174877481104,0.002400246532943129,1388.0,True,4.984520440842743e-07,0.0008
back,trace15.csv,500000,0.49999899999999997,ok,,453.1492015679532,0.3363868322948308,-0.0007984320467926409,1386.0,True,4.984520547424154e-07,0.0006
back,trace16.csv,500000,0.49999899999999997,ok,,469.72602114103125,0.34003121861977714,-0.003978858968764598,1383.0,True,4.984520547424154e-07,1.3786
back,trace17.csv,500000,0.49999899999999997,ok,,485.5873093900227,0.3388594723865272,-0.0026906099772645575,1380.0,True,4.984520547424154e-07,0.8078
back,trace18.csv,500000,0.49999899999999997,ok,,500.51645825654106,0.34168428828908404,-0.003541743458924884,1377.0,True,4.984520529660585e-07,0.4218
back,trace19.csv,500000,0.49999899999999997,ok,,515.6813701244354,0.3431115614370918,0.0013701244354251685,1374.0,True,4.98451981911785e-07,0.2534
back,trace20.csv,500000,0.49999899999999997,ok,,533.0475066514283,0.3473243596420405,-0.0024933485716474024,1370.0,True,4.98451981911785e-07,0.0888
back,trace21.csv,500000,0.49999899999999997,ok,,546.4522890648101,0.3521790427861575,0.0022890648100428734,1367.0,True,4.984520556305938e-07,0.038
back,trace22.csv,500000,0.49999899999999997,ok,,559.7280158076035,0.35588477894317827,-0.0019841923965486785,1363.0,True,4.984520556305938e-07,0.0094
back,trace23.csv,500000,0.49999899999999997,ok,,566.4312639489557,0.3603778792313134,0.0012639489557386696,1361.0,True,4.984520556305938e-07,0.0046
back,trace24.csv,500000,0.49999899999999997,ok,,574.9451813516116,0.3586580893441796,-0.004818648388436486,1359.0,True,4.98452053854237e-07,0.001
back,trace25.csv,500000,0.49999899999999997,ok,,582.4707143703207,0.3638501273355299,0.0007143703206793361,1356.0,True,4.984520556305938e-07,0.0004
back,trace26.csv,500000,0.49999899999999997,ok,,591.7856825016636,0.363385260556934,-0.004317498336376957,1353.0,True,4.984520547424154e-07,1.7594
back,trace27.csv,500000,0.49999899999999997,ok,,600.2157494025963,0.36357651401685254,-0.004250597403711254,1349.0,True,4.984520547424154e-07,1.002
back,trace28.csv,500000,0.49999899999999997,ok,,609.1076425748863,0.3669607671372917,-0.0023574251137006286,1346.0,True,4.984520547424154e-07,0.5928
back,trace29.csv,500000,0.49999899999999997,ok,,619.8087904212144,0.3692342268942121,-0.0012095787855059825,1340.0,True,4.98452053854237e-07,0.2116
back,trace30.csv,500000,0.49999899999999997,ok,,628.0219407437584,0.37289930328285875,0.0019407437583822684,1336.0,True,4.984520529660585e-07,0.086
back,trace31.csv,500000,0.49999899999999997,ok,,636.3711697693593,0.37909136434491647,0.001169769359307793,1332.0,True,4.984520529660585e-07,0.022
back,trace32.csv,500000,0.49999899999999997,ok,,646.7410413538888,0.38587043329241566,0.0010413538888087714,1326.0,True,4.984520529660585e-07,0.0032
back,trace33.csv,500000,0.49999899999999997,ok,,654.0428756561189,0.3908246272189098,0.002875656118931147,1320.0,True,4.984520529660585e-07,1.7264
back,trace34.csv,500000,0.49999899999999997,ok,,661.2844950847342,0.39287928655228943,0.004495084734230659,1313.0,True,4.984519712536439e-07,0.7616
back,trace35.csv,500000,0.49999899999999997,ok,,675.0055770789004,0.4097457727015612,-0.004422921099603627,1296.0,True,4.984520529660585e-07,0.0154
back,trace36.csv,500000,0.49999899999999997,ok,,685.4366711951061,0.5399462948586455,-0.0033288048939539294,1412.0,True,4.999814241044703e-07,0.0088
back,trace37.csv,500000,0.49999899999999997,ok,,689.9135724550481,0.5350415428796172,0.003572455048129086,1414.0,True,4.984520181050556e-07,0.1664
back,trace38.csv,500000,0.49999899999999997,ok,,696.3609065460647,0.5350832839479508,0.0009065460646979773,1410.0,True,4.99999999417633e-07,0.1198
back,trace39.csv,500000,0.49999899999999997,ok,,700.7973886586101,0.5341487356632593,-0.002611341389865629,1412.0,True,4.996903982812384e-07,0.015
back,trace40.csv,500000,0.49999899999999997,ok,,703.894683566315,0.530409895272214,0.004683566315065946,1414.0,True,4.999814241044703e-07,0.033
back,trace41.csv,500000,0.49999899999999997,ok,,706.5941683258704,0.5337536438449363,0.004168325870409717,1418.0,True,4.999999965171753e-07,0.0144
back,trace42.csv,500000,0.49999899999999997,ok,,707.5245698344005,0.5355591673986277,0.004569834400513173,1420.0,True,4.999999965171753e-07,0.374
back,trace43.csv,500000,0.49999899999999997,ok,,710.1577080793792,0.529450411390521,-0.002291920620791643,1422.0,True,4.999690399881684e-07,0.0058
back,trace44.csv,500000,0.49999899999999997,ok,,713.3024843738331,0.5273419612658554,0.0024843738331128407,1411.0,True,4.993808070397066e-07,0.0372
back,trace45.csv,500000,0.49999899999999997,ok,,717.0237551243176,0.5272099869963613,0.003755124317649461,1412.0,True,4.999999970722868e-07,0.0918
back,trace46.csv,500000,0.49999899999999997,ok,,721.0657131447239,0.5284511272641066,-0.004286855276177448,1412.0,True,4.996903978371492e-07,0.0058
back,trace47.csv,500000,0.49999899999999997,ok,,724.0651342478075,0.5270038560222247,-0.004865752192586115,1412.0,True,4.999999981825098e-07,0.0042
back,trace48.csv,500000,0.49999899999999997,ok,,726.9113067634831,0.5240664630932915,0.0013067634831713804,1413.0,True,4.993808064290839e-07,0.0034
back,trace49.csv,500000,0.49999899999999997,ok,,731.040399963767,0.5200613459008187,0.0003999637669949152,1416.0,True,4.987616122886784e-07,0.038
back,trace50.csv,500000,0.49999899999999997,ok,,732.1525382701939,0.5205579938951113,0.002538270193895187,1416.0,True,4.999999994037552e-07,0.0012
back,trace51.csv,500000,0.49999899999999997,ok,,733.7149693687904,0.5197942410319845,0.004969368790398221,1417.0,True,4.993808064290839e-07,0.161
back,trace52.csv,500000,0.49999899999999997,ok,,733.9841457457385,0.5204291371951855,0.004145745738469486,1418.0,True,4.990712116903495e-07,0.1456
back,trace53.csv,500000,0.49999899999999997,ok,,734.7057317399989,0.5186750392767748,-0.004268260001140334,1418.0,True,4.999999976273983e-07,0.0158
back,trace54.csv,500000,0.49999899999999997,ok,,737.0943702801164,0.5196247512073063,0.004370280116404501,1420.0,True,4.999999994037552e-07,0.293
back,trace55.csv,500000,0.49999899999999997,ok,,738.4330218569679,0.5189054098236233,0.0030218569679618668,1420.0,True,4.996903982812384e-07,0.0288
back,trace56.csv,500000,0.49999899999999997,ok,,740.0050802422177,0.51893110258101,-0.004919757782317902,1420.0,True,4.999999987931325e-07,0.2986
back,trace57.csv,500000,0.49999899999999997,ok,,741.1382158591466,0.5176811287861828,-0.0017841408533740832,1422.0,True,4.987616087637203e-07,0.0762
back,trace58.csv,500000,0.49999899999999997,ok,,742.4054697611134,0.5224462963711406,-0.004530238886559346,1422.0,True,4.993808018216583e-07,0.2182
back,trace59.csv,500000,0.49999899999999997,ok,,744.7410298785621,0.5214425708110865,0.0010298785621216666,1422.0,True,4.996903986143053e-07,0.1384
back,trace60.csv,500000,0.49999899999999997,ok,,747.1493025414736,0.518869477552073,-0.0006974585263606059,1424.0,True,4.987616134544126e-07,0.5546
back,trace61.csv,500000,0.19999963999999998,ok,,749.6792107860126,0.522708956044891,-0.0007892139873320048,570.0,True,4.996833118386945e-07,0.0694
back,trace62.csv,500000,0.19999963999999998,ok,,751.4680358420092,0.5206936285688932,-0.001964157990869353,570.0,True,4.997731228861824e-07,0.1038
back,trace63.csv,500000,0.19999963999999998,ok,,756.0957479715175,0.518995463300504,-0.004252028482483183,570.0,True,4.972773430811372e-07,0.33
back,trace64.csv,500000,0.19999963999999998,ok,,763.8654703184698,0.5181250021516186,-0.004529681530243579,571.0,True,4.977311183207433e-07,0.1056
back,trace65.csv,500000,0.19999963999999998,ok,,765.4213303152214,0.5187745836531498,0.001330315221480305,571.0,True,4.986387044381146e-07,0.5116
back,trace66.csv,500000,0.19999963999999998,ok,,767.92393615197,0.533097707158582,0.003936151970037827,571.0,True,4.989789953446788e-07,0.5722
back,trace67.csv,500000,0.19999963999999998,ok,,768.2710803873358,0.5346602094387374,0.001080387335832711,571.0,True,4.970504997592329e-07,0.7432
back,trace68.csv,500000,0.19999963999999998,ok,,778.3529939571956,0.5199642617968054,0.0029939571955992506,574.0,True,4.994328043350649e-07,0.1254
back,trace69.csv,500000,0.19999963999999998,ok,,805.670732104725,0.6007936999421938,0.0007321047249888579,578.0,True,4.990357589385042e-07,0.001
back,trace70.csv,500000,0.19999963999999998,ok,,824.7294775812085,0.5796730746733467,-0.0005224187915473522,582.0,True,4.974285960912539e-07,0.4264
back,trace71.csv,500000,0.19999963999999998,ok,,849.0554338589984,0.7475017006957189,-0.004566141001532742,592.0,True,4.982038737111338e-07,0.2828
back,trace72.csv,500000,0.19999963999999998,ok,,863.5264276511754,0.8620924239249209,-0.0035723488246048873,601.0,True,4.994110951450637e-07,0.4794
back,trace73.csv,500000,0.19999963999999998,ok,,873.461062239319,1.924712332580698,0.0010622393189123613,608.0,True,4.994980740136157e-07,0.256
back,trace74.csv,500000,0.19999963999999998,ok,,900.6207103842851,2.6052576877747073,0.0007103842850710862,611.0,True,4.998474651962681e-07,0.0114
back,trace75.csv,500000,0.19999963999999998,rejected,,782.3868162834053,8.532109817041619,-0.0031837165946626556,,,,
back,trace76.csv,500000,0.19999963999999998,rejected,non-physical divider coefficients; check channels/clipping,,,,,,,
back,trace77.csv,500000,0.19999963999999998,rejected,non-physical divider coefficients; check channels/clipping,,,,,,,
back,trace78.csv,500000,0.19999963999999998,rejected,non-physical divider coefficients; check channels/clipping,,,,,,,
back,trace79.csv,500000,0.19999963999999998,rejected,non-physical divider coefficients; check channels/clipping,,,,,,,
back,trace80.csv,500000,0.19999963999999998,rejected,non-physical divider coefficients; check channels/clipping,,,,,,,
