sweep,filename,rpot_means_ohm,rpot_sidecar_ohm,sidecar_status,v1_half_range_V,A1_mV,u_A1_mV,f_Hz,calibration
forward,trace14.csv,904.89,870.5,ok,0.1085,89.5039,0.0112,3045.0,trace29.csv..trace36.csv
forward,trace15.csv,903.85,881.24,ok,0.1327,109.4186,0.0112,3044.0,trace29.csv..trace36.csv
forward,trace16.csv,900.75,887.71,ok,0.1628,144.1198,0.0115,3042.1,trace29.csv..trace36.csv
forward,trace17.csv,897.83,891.03,ok,0.193,176.8404,0.0123,3040.3,trace29.csv..trace36.csv
forward,trace18.csv,895.61,891.18,ok,0.2231,203.4232,0.0126,3038.5,trace29.csv..trace36.csv
forward,trace19.csv,892.93,886.75,ok,0.2593,240.0957,0.0127,3036.1,trace29.csv..trace36.csv
forward,trace20.csv,890.66,886.16,ok,0.3015,285.8028,0.0125,3033.1,trace29.csv..trace36.csv
forward,trace21.csv,889.3,885.56,ok,0.3136,300.5785,0.0136,3032.1,trace29.csv..trace36.csv
forward,trace22.csv,888.21,886.8,ok,0.3377,321.5393,0.0137,3030.6,trace29.csv..trace36.csv
forward,trace23.csv,886.34,886.28,ok,0.3739,354.7337,0.0135,3028.6,trace29.csv..trace36.csv
forward,trace24.csv,886.61,889.84,ok,0.404,383.945,0.0171,3026.4,trace29.csv..trace36.csv
forward,trace25.csv,883.8,886.37,ok,0.4643,442.8763,0.0159,3022.6,trace29.csv..trace36.csv
forward,trace26.csv,881.3,884.81,ok,0.5126,494.8048,0.0132,3019.0,trace29.csv..trace36.csv
forward,trace27.csv,880.17,882.19,ok,0.5427,525.9229,0.0118,3016.1,trace29.csv..trace36.csv
forward,trace28.csv,878.29,879.88,ok,0.5849,564.0156,0.0141,3012.6,trace29.csv..trace36.csv
forward,trace29.csv,876.57,877.59,ok,0.6332,614.2996,0.0224,3009.4,trace29.csv..trace36.csv
forward,trace30.csv,875.46,875.85,ok,0.6633,642.1434,0.0201,3007.9,trace29.csv..trace36.csv
forward,trace31.csv,873.15,873.7,ok,0.6995,683.7567,0.0174,3004.8,trace29.csv..trace36.csv
forward,trace32.csv,872.63,872.39,ok,0.7417,719.4005,0.0407,3002.3,trace29.csv..trace36.csv
forward,trace33.csv,870.65,870.74,ok,0.7779,754.7589,0.0343,2999.9,trace29.csv..trace36.csv
forward,trace34.csv,868.36,868.34,ok,0.8442,825.9051,0.0647,2994.9,trace29.csv..trace36.csv
forward,trace35.csv,867.64,867.4,ok,0.8925,864.5268,0.078,2991.8,trace29.csv..trace36.csv
forward,trace36.csv,865.2,863.69,ok,0.9709,946.2787,0.0436,2986.4,trace29.csv..trace36.csv
back,trace69.csv,807.48,805.67,ok,1.8742,1833.1998,0.1023,2891.3,trace69.csv..trace71.csv
back,trace70.csv,824.43,824.73,ok,1.889,1869.7949,0.0614,2912.4,trace69.csv..trace71.csv
back,trace71.csv,847.38,849.06,ok,1.4428,1376.6424,0.3271,2960.9,trace69.csv..trace71.csv
back,trace72.csv,862.06,863.53,ok,0.8141,786.1338,0.095,3003.8,trace69.csv..trace71.csv
back,trace73.csv,878.58,873.46,ok,0.3618,341.7302,0.0153,3039.4,trace69.csv..trace71.csv
back,trace74.csv,899.53,900.62,ok,0.1815,165.7738,0.01,3055.4,trace69.csv..trace71.csv
